,index,Driver,Position,Year,Location
0,5,VET,1.0,2018,Melbourne
1,44,HAM,2.0,2018,Melbourne
2,7,RAI,3.0,2018,Melbourne
3,3,RIC,4.0,2018,Melbourne
4,14,ALO,5.0,2018,Melbourne
5,33,VER,6.0,2018,Melbourne
6,27,HUL,7.0,2018,Melbourne
7,77,BOT,8.0,2018,Melbourne
8,2,VAN,9.0,2018,Melbourne
9,55,SAI,10.0,2018,Melbourne
10,11,PER,11.0,2018,Melbourne
11,31,OCO,12.0,2018,Melbourne
12,16,LEC,13.0,2018,Melbourne
13,18,STR,14.0,2018,Melbourne
14,28,HAR,15.0,2018,Melbourne
15,8,GRO,16.0,2018,Melbourne
16,20,MAG,17.0,2018,Melbourne
17,10,GAS,18.0,2018,Melbourne
18,9,ERI,19.0,2018,Melbourne
19,35,SIR,20.0,2018,Melbourne
20,5,VET,1.0,2018,Sakhir
21,77,BOT,2.0,2018,Sakhir
22,44,HAM,3.0,2018,Sakhir
23,10,GAS,4.0,2018,Sakhir
24,20,MAG,5.0,2018,Sakhir
25,27,HUL,6.0,2018,Sakhir
26,14,ALO,7.0,2018,Sakhir
27,2,VAN,8.0,2018,Sakhir
28,9,ERI,9.0,2018,Sakhir
29,31,OCO,10.0,2018,Sakhir
30,55,SAI,11.0,2018,Sakhir
31,16,LEC,12.0,2018,Sakhir
32,8,GRO,13.0,2018,Sakhir
33,18,STR,14.0,2018,Sakhir
34,35,SIR,15.0,2018,Sakhir
35,11,PER,16.0,2018,Sakhir
36,28,HAR,17.0,2018,Sakhir
37,7,RAI,18.0,2018,Sakhir
38,33,VER,19.0,2018,Sakhir
39,3,RIC,20.0,2018,Sakhir
40,3,RIC,1.0,2018,Shanghai
41,77,BOT,2.0,2018,Shanghai
42,7,RAI,3.0,2018,Shanghai
43,44,HAM,4.0,2018,Shanghai
44,33,VER,5.0,2018,Shanghai
45,27,HUL,6.0,2018,Shanghai
46,14,ALO,7.0,2018,Shanghai
47,5,VET,8.0,2018,Shanghai
48,55,SAI,9.0,2018,Shanghai
49,20,MAG,10.0,2018,Shanghai
50,31,OCO,11.0,2018,Shanghai
51,11,PER,12.0,2018,Shanghai
52,2,VAN,13.0,2018,Shanghai
53,18,STR,14.0,2018,Shanghai
54,35,SIR,15.0,2018,Shanghai
55,9,ERI,16.0,2018,Shanghai
56,8,GRO,17.0,2018,Shanghai
57,10,GAS,18.0,2018,Shanghai
58,16,LEC,19.0,2018,Shanghai
59,28,HAR,20.0,2018,Shanghai
60,44,HAM,1.0,2018,Baku
61,7,RAI,2.0,2018,Baku
62,11,PER,3.0,2018,Baku
63,5,VET,4.0,2018,Baku
64,55,SAI,5.0,2018,Baku
65,16,LEC,6.0,2018,Baku
66,14,ALO,7.0,2018,Baku
67,18,STR,8.0,2018,Baku
68,2,VAN,9.0,2018,Baku
69,28,HAR,10.0,2018,Baku
70,9,ERI,11.0,2018,Baku
71,10,GAS,12.0,2018,Baku
72,20,MAG,13.0,2018,Baku
73,77,BOT,14.0,2018,Baku
74,8,GRO,15.0,2018,Baku
75,33,VER,16.0,2018,Baku
76,3,RIC,17.0,2018,Baku
77,27,HUL,18.0,2018,Baku
78,31,OCO,19.0,2018,Baku
79,35,SIR,20.0,2018,Baku
80,44,HAM,1.0,2018,Barcelona
81,77,BOT,2.0,2018,Barcelona
82,33,VER,3.0,2018,Barcelona
83,5,VET,4.0,2018,Barcelona
84,3,RIC,5.0,2018,Barcelona
85,20,MAG,6.0,2018,Barcelona
86,55,SAI,7.0,2018,Barcelona
87,14,ALO,8.0,2018,Barcelona
88,11,PER,9.0,2018,Barcelona
89,16,LEC,10.0,2018,Barcelona
90,18,STR,11.0,2018,Barcelona
91,28,HAR,12.0,2018,Barcelona
92,9,ERI,13.0,2018,Barcelona
93,35,SIR,14.0,2018,Barcelona
94,2,VAN,15.0,2018,Barcelona
95,31,OCO,16.0,2018,Barcelona
96,7,RAI,17.0,2018,Barcelona
97,8,GRO,18.0,2018,Barcelona
98,10,GAS,19.0,2018,Barcelona
99,27,HUL,20.0,2018,Barcelona
100,3,RIC,1.0,2018,Monte Carlo
101,5,VET,2.0,2018,Monte Carlo
102,44,HAM,3.0,2018,Monte Carlo
103,7,RAI,4.0,2018,Monte Carlo
104,77,BOT,5.0,2018,Monte Carlo
105,31,OCO,6.0,2018,Monte Carlo
106,10,GAS,7.0,2018,Monte Carlo
107,27,HUL,8.0,2018,Monte Carlo
108,33,VER,9.0,2018,Monte Carlo
109,55,SAI,10.0,2018,Monte Carlo
110,9,ERI,11.0,2018,Monte Carlo
111,11,PER,12.0,2018,Monte Carlo
112,20,MAG,13.0,2018,Monte Carlo
113,2,VAN,14.0,2018,Monte Carlo
114,8,GRO,15.0,2018,Monte Carlo
115,35,SIR,16.0,2018,Monte Carlo
116,18,STR,17.0,2018,Monte Carlo
117,16,LEC,18.0,2018,Monte Carlo
118,28,HAR,19.0,2018,Monte Carlo
119,14,ALO,20.0,2018,Monte Carlo
120,5,VET,1.0,2018,Montréal
121,77,BOT,2.0,2018,Montréal
122,33,VER,3.0,2018,Montréal
123,3,RIC,4.0,2018,Montréal
124,44,HAM,5.0,2018,Montréal
125,7,RAI,6.0,2018,Montréal
126,27,HUL,7.0,2018,Montréal
127,55,SAI,8.0,2018,Montréal
128,31,OCO,9.0,2018,Montréal
129,16,LEC,10.0,2018,Montréal
130,10,GAS,11.0,2018,Montréal
131,8,GRO,12.0,2018,Montréal
132,20,MAG,13.0,2018,Montréal
133,11,PER,14.0,2018,Montréal
134,9,ERI,15.0,2018,Montréal
135,2,VAN,16.0,2018,Montréal
136,35,SIR,17.0,2018,Montréal
137,14,ALO,18.0,2018,Montréal
138,28,HAR,19.0,2018,Montréal
139,18,STR,20.0,2018,Montréal
140,44,HAM,1.0,2018,Le Castellet
141,33,VER,2.0,2018,Le Castellet
142,7,RAI,3.0,2018,Le Castellet
143,3,RIC,4.0,2018,Le Castellet
144,5,VET,5.0,2018,Le Castellet
145,20,MAG,6.0,2018,Le Castellet
146,77,BOT,7.0,2018,Le Castellet
147,55,SAI,8.0,2018,Le Castellet
148,27,HUL,9.0,2018,Le Castellet
149,16,LEC,10.0,2018,Le Castellet
150,8,GRO,11.0,2018,Le Castellet
151,2,VAN,12.0,2018,Le Castellet
152,9,ERI,13.0,2018,Le Castellet
153,28,HAR,14.0,2018,Le Castellet
154,35,SIR,15.0,2018,Le Castellet
155,14,ALO,16.0,2018,Le Castellet
156,18,STR,17.0,2018,Le Castellet
157,11,PER,18.0,2018,Le Castellet
158,31,OCO,19.0,2018,Le Castellet
159,10,GAS,20.0,2018,Le Castellet
160,33,VER,1.0,2018,Spielberg
161,7,RAI,2.0,2018,Spielberg
162,5,VET,3.0,2018,Spielberg
163,8,GRO,4.0,2018,Spielberg
164,20,MAG,5.0,2018,Spielberg
165,31,OCO,6.0,2018,Spielberg
166,11,PER,7.0,2018,Spielberg
167,14,ALO,8.0,2018,Spielberg
168,16,LEC,9.0,2018,Spielberg
169,9,ERI,10.0,2018,Spielberg
170,10,GAS,11.0,2018,Spielberg
171,55,SAI,12.0,2018,Spielberg
172,35,SIR,13.0,2018,Spielberg
173,18,STR,14.0,2018,Spielberg
174,2,VAN,15.0,2018,Spielberg
175,44,HAM,16.0,2018,Spielberg
176,28,HAR,17.0,2018,Spielberg
177,3,RIC,18.0,2018,Spielberg
178,77,BOT,19.0,2018,Spielberg
179,27,HUL,20.0,2018,Spielberg
180,5,VET,1.0,2018,Silverstone
181,44,HAM,2.0,2018,Silverstone
182,7,RAI,3.0,2018,Silverstone
183,77,BOT,4.0,2018,Silverstone
184,3,RIC,5.0,2018,Silverstone
185,27,HUL,6.0,2018,Silverstone
186,31,OCO,7.0,2018,Silverstone
187,14,ALO,8.0,2018,Silverstone
188,20,MAG,9.0,2018,Silverstone
189,11,PER,10.0,2018,Silverstone
190,2,VAN,11.0,2018,Silverstone
191,18,STR,12.0,2018,Silverstone
192,10,GAS,13.0,2018,Silverstone
193,35,SIR,14.0,2018,Silverstone
194,33,VER,15.0,2018,Silverstone
195,8,GRO,16.0,2018,Silverstone
196,55,SAI,17.0,2018,Silverstone
197,9,ERI,18.0,2018,Silverstone
198,16,LEC,19.0,2018,Silverstone
199,28,HAR,20.0,2018,Silverstone
200,44,HAM,1.0,2018,Hockenheim
201,77,BOT,2.0,2018,Hockenheim
202,7,RAI,3.0,2018,Hockenheim
203,33,VER,4.0,2018,Hockenheim
204,27,HUL,5.0,2018,Hockenheim
205,8,GRO,6.0,2018,Hockenheim
206,11,PER,7.0,2018,Hockenheim
207,31,OCO,8.0,2018,Hockenheim
208,9,ERI,9.0,2018,Hockenheim
209,28,HAR,10.0,2018,Hockenheim
210,20,MAG,11.0,2018,Hockenheim
211,55,SAI,12.0,2018,Hockenheim
212,2,VAN,13.0,2018,Hockenheim
213,10,GAS,14.0,2018,Hockenheim
214,16,LEC,15.0,2018,Hockenheim
215,14,ALO,16.0,2018,Hockenheim
216,18,STR,17.0,2018,Hockenheim
217,5,VET,18.0,2018,Hockenheim
218,35,SIR,19.0,2018,Hockenheim
219,3,RIC,20.0,2018,Hockenheim
220,44,HAM,1.0,2018,Budapest
221,5,VET,2.0,2018,Budapest
222,7,RAI,3.0,2018,Budapest
223,3,RIC,4.0,2018,Budapest
224,77,BOT,5.0,2018,Budapest
225,10,GAS,6.0,2018,Budapest
226,20,MAG,7.0,2018,Budapest
227,14,ALO,8.0,2018,Budapest
228,55,SAI,9.0,2018,Budapest
229,8,GRO,10.0,2018,Budapest
230,28,HAR,11.0,2018,Budapest
231,27,HUL,12.0,2018,Budapest
232,31,OCO,13.0,2018,Budapest
233,11,PER,14.0,2018,Budapest
234,9,ERI,15.0,2018,Budapest
235,35,SIR,16.0,2018,Budapest
236,18,STR,17.0,2018,Budapest
237,2,VAN,18.0,2018,Budapest
238,33,VER,19.0,2018,Budapest
239,16,LEC,20.0,2018,Budapest
240,5,VET,1.0,2018,Spa-Francorchamps
241,44,HAM,2.0,2018,Spa-Francorchamps
242,33,VER,3.0,2018,Spa-Francorchamps
243,77,BOT,4.0,2018,Spa-Francorchamps
244,11,PER,5.0,2018,Spa-Francorchamps
245,31,OCO,6.0,2018,Spa-Francorchamps
246,8,GRO,7.0,2018,Spa-Francorchamps
247,20,MAG,8.0,2018,Spa-Francorchamps
248,10,GAS,9.0,2018,Spa-Francorchamps
249,9,ERI,10.0,2018,Spa-Francorchamps
250,55,SAI,11.0,2018,Spa-Francorchamps
251,35,SIR,12.0,2018,Spa-Francorchamps
252,18,STR,13.0,2018,Spa-Francorchamps
253,28,HAR,14.0,2018,Spa-Francorchamps
254,2,VAN,15.0,2018,Spa-Francorchamps
255,3,RIC,16.0,2018,Spa-Francorchamps
256,7,RAI,17.0,2018,Spa-Francorchamps
257,16,LEC,18.0,2018,Spa-Francorchamps
258,14,ALO,19.0,2018,Spa-Francorchamps
259,27,HUL,20.0,2018,Spa-Francorchamps
260,44,HAM,1.0,2018,Monza
261,7,RAI,2.0,2018,Monza
262,77,BOT,3.0,2018,Monza
263,5,VET,4.0,2018,Monza
264,33,VER,5.0,2018,Monza
265,31,OCO,6.0,2018,Monza
266,11,PER,7.0,2018,Monza
267,55,SAI,8.0,2018,Monza
268,18,STR,9.0,2018,Monza
269,35,SIR,10.0,2018,Monza
270,16,LEC,11.0,2018,Monza
271,2,VAN,12.0,2018,Monza
272,27,HUL,13.0,2018,Monza
273,10,GAS,14.0,2018,Monza
274,9,ERI,15.0,2018,Monza
275,20,MAG,16.0,2018,Monza
276,3,RIC,17.0,2018,Monza
277,14,ALO,18.0,2018,Monza
278,28,HAR,19.0,2018,Monza
279,8,GRO,20.0,2018,Monza
280,44,HAM,1.0,2018,Singapore
281,33,VER,2.0,2018,Singapore
282,5,VET,3.0,2018,Singapore
283,77,BOT,4.0,2018,Singapore
284,7,RAI,5.0,2018,Singapore
285,3,RIC,6.0,2018,Singapore
286,14,ALO,7.0,2018,Singapore
287,55,SAI,8.0,2018,Singapore
288,16,LEC,9.0,2018,Singapore
289,27,HUL,10.0,2018,Singapore
290,9,ERI,11.0,2018,Singapore
291,2,VAN,12.0,2018,Singapore
292,10,GAS,13.0,2018,Singapore
293,18,STR,14.0,2018,Singapore
294,8,GRO,15.0,2018,Singapore
295,11,PER,16.0,2018,Singapore
296,28,HAR,17.0,2018,Singapore
297,20,MAG,18.0,2018,Singapore
298,35,SIR,19.0,2018,Singapore
299,31,OCO,20.0,2018,Singapore
300,44,HAM,1.0,2018,Sochi
301,77,BOT,2.0,2018,Sochi
302,5,VET,3.0,2018,Sochi
303,7,RAI,4.0,2018,Sochi
304,33,VER,5.0,2018,Sochi
305,3,RIC,6.0,2018,Sochi
306,16,LEC,7.0,2018,Sochi
307,20,MAG,8.0,2018,Sochi
308,31,OCO,9.0,2018,Sochi
309,11,PER,10.0,2018,Sochi
310,8,GRO,11.0,2018,Sochi
311,27,HUL,12.0,2018,Sochi
312,9,ERI,13.0,2018,Sochi
313,14,ALO,14.0,2018,Sochi
314,18,STR,15.0,2018,Sochi
315,2,VAN,16.0,2018,Sochi
316,55,SAI,17.0,2018,Sochi
317,35,SIR,18.0,2018,Sochi
318,10,GAS,19.0,2018,Sochi
319,28,HAR,20.0,2018,Sochi
320,44,HAM,1.0,2018,Suzuka
321,77,BOT,2.0,2018,Suzuka
322,33,VER,3.0,2018,Suzuka
323,3,RIC,4.0,2018,Suzuka
324,7,RAI,5.0,2018,Suzuka
325,5,VET,6.0,2018,Suzuka
326,11,PER,7.0,2018,Suzuka
327,8,GRO,8.0,2018,Suzuka
328,31,OCO,9.0,2018,Suzuka
329,55,SAI,10.0,2018,Suzuka
330,10,GAS,11.0,2018,Suzuka
331,9,ERI,12.0,2018,Suzuka
332,28,HAR,13.0,2018,Suzuka
333,14,ALO,14.0,2018,Suzuka
334,2,VAN,15.0,2018,Suzuka
335,35,SIR,16.0,2018,Suzuka
336,18,STR,17.0,2018,Suzuka
337,16,LEC,18.0,2018,Suzuka
338,27,HUL,19.0,2018,Suzuka
339,20,MAG,20.0,2018,Suzuka
340,7,RAI,1.0,2018,Austin
341,33,VER,2.0,2018,Austin
342,44,HAM,3.0,2018,Austin
343,5,VET,4.0,2018,Austin
344,77,BOT,5.0,2018,Austin
345,27,HUL,6.0,2018,Austin
346,55,SAI,7.0,2018,Austin
347,11,PER,8.0,2018,Austin
348,28,HAR,9.0,2018,Austin
349,9,ERI,10.0,2018,Austin
350,2,VAN,11.0,2018,Austin
351,10,GAS,12.0,2018,Austin
352,35,SIR,13.0,2018,Austin
353,18,STR,14.0,2018,Austin
354,16,LEC,15.0,2018,Austin
355,3,RIC,16.0,2018,Austin
356,8,GRO,17.0,2018,Austin
357,14,ALO,18.0,2018,Austin
358,31,OCO,19.0,2018,Austin
359,20,MAG,20.0,2018,Austin
360,33,VER,1.0,2018,Mexico City
361,5,VET,2.0,2018,Mexico City
362,7,RAI,3.0,2018,Mexico City
363,44,HAM,4.0,2018,Mexico City
364,77,BOT,5.0,2018,Mexico City
365,27,HUL,6.0,2018,Mexico City
366,16,LEC,7.0,2018,Mexico City
367,2,VAN,8.0,2018,Mexico City
368,9,ERI,9.0,2018,Mexico City
369,10,GAS,10.0,2018,Mexico City
370,31,OCO,11.0,2018,Mexico City
371,18,STR,12.0,2018,Mexico City
372,35,SIR,13.0,2018,Mexico City
373,28,HAR,14.0,2018,Mexico City
374,20,MAG,15.0,2018,Mexico City
375,8,GRO,16.0,2018,Mexico City
376,3,RIC,17.0,2018,Mexico City
377,11,PER,18.0,2018,Mexico City
378,55,SAI,19.0,2018,Mexico City
379,14,ALO,20.0,2018,Mexico City
380,44,HAM,1.0,2018,São Paulo
381,33,VER,2.0,2018,São Paulo
382,7,RAI,3.0,2018,São Paulo
383,3,RIC,4.0,2018,São Paulo
384,77,BOT,5.0,2018,São Paulo
385,5,VET,6.0,2018,São Paulo
386,16,LEC,7.0,2018,São Paulo
387,8,GRO,8.0,2018,São Paulo
388,20,MAG,9.0,2018,São Paulo
389,11,PER,10.0,2018,São Paulo
390,28,HAR,11.0,2018,São Paulo
391,55,SAI,12.0,2018,São Paulo
392,10,GAS,13.0,2018,São Paulo
393,2,VAN,14.0,2018,São Paulo
394,31,OCO,15.0,2018,São Paulo
395,35,SIR,16.0,2018,São Paulo
396,14,ALO,17.0,2018,São Paulo
397,18,STR,18.0,2018,São Paulo
398,27,HUL,19.0,2018,São Paulo
399,9,ERI,20.0,2018,São Paulo
400,44,HAM,1.0,2018,Yas Marina
401,5,VET,2.0,2018,Yas Marina
402,33,VER,3.0,2018,Yas Marina
403,3,RIC,4.0,2018,Yas Marina
404,77,BOT,5.0,2018,Yas Marina
405,55,SAI,6.0,2018,Yas Marina
406,16,LEC,7.0,2018,Yas Marina
407,11,PER,8.0,2018,Yas Marina
408,8,GRO,9.0,2018,Yas Marina
409,20,MAG,10.0,2018,Yas Marina
410,14,ALO,11.0,2018,Yas Marina
411,28,HAR,12.0,2018,Yas Marina
412,18,STR,13.0,2018,Yas Marina
413,2,VAN,14.0,2018,Yas Marina
414,35,SIR,15.0,2018,Yas Marina
415,10,GAS,16.0,2018,Yas Marina
416,31,OCO,17.0,2018,Yas Marina
417,9,ERI,18.0,2018,Yas Marina
418,7,RAI,19.0,2018,Yas Marina
419,27,HUL,20.0,2018,Yas Marina
420,77,BOT,1.0,2019,Melbourne
421,44,HAM,2.0,2019,Melbourne
422,33,VER,3.0,2019,Melbourne
423,5,VET,4.0,2019,Melbourne
424,16,LEC,5.0,2019,Melbourne
425,20,MAG,6.0,2019,Melbourne
426,27,HUL,7.0,2019,Melbourne
427,7,RAI,8.0,2019,Melbourne
428,18,STR,9.0,2019,Melbourne
429,26,KVY,10.0,2019,Melbourne
430,10,GAS,11.0,2019,Melbourne
431,4,NOR,12.0,2019,Melbourne
432,11,PER,13.0,2019,Melbourne
433,23,ALB,14.0,2019,Melbourne
434,99,GIO,15.0,2019,Melbourne
435,63,RUS,16.0,2019,Melbourne
436,88,KUB,17.0,2019,Melbourne
437,8,GRO,18.0,2019,Melbourne
438,3,RIC,19.0,2019,Melbourne
439,55,SAI,20.0,2019,Melbourne
440,44,HAM,1.0,2019,Sakhir
441,77,BOT,2.0,2019,Sakhir
442,16,LEC,3.0,2019,Sakhir
443,33,VER,4.0,2019,Sakhir
444,5,VET,5.0,2019,Sakhir
445,4,NOR,6.0,2019,Sakhir
446,7,RAI,7.0,2019,Sakhir
447,10,GAS,8.0,2019,Sakhir
448,23,ALB,9.0,2019,Sakhir
449,11,PER,10.0,2019,Sakhir
450,99,GIO,11.0,2019,Sakhir
451,26,KVY,12.0,2019,Sakhir
452,20,MAG,13.0,2019,Sakhir
453,18,STR,14.0,2019,Sakhir
454,63,RUS,15.0,2019,Sakhir
455,88,KUB,16.0,2019,Sakhir
456,27,HUL,17.0,2019,Sakhir
457,3,RIC,18.0,2019,Sakhir
458,55,SAI,19.0,2019,Sakhir
459,8,GRO,20.0,2019,Sakhir
460,44,HAM,1.0,2019,Shanghai
461,77,BOT,2.0,2019,Shanghai
462,5,VET,3.0,2019,Shanghai
463,33,VER,4.0,2019,Shanghai
464,16,LEC,5.0,2019,Shanghai
465,10,GAS,6.0,2019,Shanghai
466,3,RIC,7.0,2019,Shanghai
467,11,PER,8.0,2019,Shanghai
468,7,RAI,9.0,2019,Shanghai
469,23,ALB,10.0,2019,Shanghai
470,8,GRO,11.0,2019,Shanghai
471,18,STR,12.0,2019,Shanghai
472,20,MAG,13.0,2019,Shanghai
473,55,SAI,14.0,2019,Shanghai
474,99,GIO,15.0,2019,Shanghai
475,63,RUS,16.0,2019,Shanghai
476,88,KUB,17.0,2019,Shanghai
477,4,NOR,18.0,2019,Shanghai
478,26,KVY,19.0,2019,Shanghai
479,27,HUL,20.0,2019,Shanghai
480,77,BOT,1.0,2019,Baku
481,44,HAM,2.0,2019,Baku
482,5,VET,3.0,2019,Baku
483,33,VER,4.0,2019,Baku
484,16,LEC,5.0,2019,Baku
485,11,PER,6.0,2019,Baku
486,55,SAI,7.0,2019,Baku
487,4,NOR,8.0,2019,Baku
488,18,STR,9.0,2019,Baku
489,7,RAI,10.0,2019,Baku
490,23,ALB,11.0,2019,Baku
491,99,GIO,12.0,2019,Baku
492,20,MAG,13.0,2019,Baku
493,27,HUL,14.0,2019,Baku
494,63,RUS,15.0,2019,Baku
495,88,KUB,16.0,2019,Baku
496,10,GAS,17.0,2019,Baku
497,8,GRO,18.0,2019,Baku
498,26,KVY,19.0,2019,Baku
499,3,RIC,20.0,2019,Baku
500,44,HAM,1.0,2019,Barcelona
501,77,BOT,2.0,2019,Barcelona
502,33,VER,3.0,2019,Barcelona
503,5,VET,4.0,2019,Barcelona
504,16,LEC,5.0,2019,Barcelona
505,10,GAS,6.0,2019,Barcelona
506,20,MAG,7.0,2019,Barcelona
507,55,SAI,8.0,2019,Barcelona
508,26,KVY,9.0,2019,Barcelona
509,8,GRO,10.0,2019,Barcelona
510,23,ALB,11.0,2019,Barcelona
511,3,RIC,12.0,2019,Barcelona
512,27,HUL,13.0,2019,Barcelona
513,7,RAI,14.0,2019,Barcelona
514,11,PER,15.0,2019,Barcelona
515,99,GIO,16.0,2019,Barcelona
516,63,RUS,17.0,2019,Barcelona
517,88,KUB,18.0,2019,Barcelona
518,18,STR,19.0,2019,Barcelona
519,4,NOR,20.0,2019,Barcelona
520,44,HAM,1.0,2019,Monte Carlo
521,5,VET,2.0,2019,Monte Carlo
522,77,BOT,3.0,2019,Monte Carlo
523,33,VER,4.0,2019,Monte Carlo
524,10,GAS,5.0,2019,Monte Carlo
525,55,SAI,6.0,2019,Monte Carlo
526,26,KVY,7.0,2019,Monte Carlo
527,23,ALB,8.0,2019,Monte Carlo
528,3,RIC,9.0,2019,Monte Carlo
529,8,GRO,10.0,2019,Monte Carlo
530,4,NOR,11.0,2019,Monte Carlo
531,11,PER,12.0,2019,Monte Carlo
532,27,HUL,13.0,2019,Monte Carlo
533,20,MAG,14.0,2019,Monte Carlo
534,63,RUS,15.0,2019,Monte Carlo
535,18,STR,16.0,2019,Monte Carlo
536,7,RAI,17.0,2019,Monte Carlo
537,88,KUB,18.0,2019,Monte Carlo
538,99,GIO,19.0,2019,Monte Carlo
539,16,LEC,20.0,2019,Monte Carlo
540,44,HAM,1.0,2019,Montréal
541,5,VET,2.0,2019,Montréal
542,16,LEC,3.0,2019,Montréal
543,77,BOT,4.0,2019,Montréal
544,33,VER,5.0,2019,Montréal
545,3,RIC,6.0,2019,Montréal
546,27,HUL,7.0,2019,Montréal
547,10,GAS,8.0,2019,Montréal
548,18,STR,9.0,2019,Montréal
549,26,KVY,10.0,2019,Montréal
550,55,SAI,11.0,2019,Montréal
551,11,PER,12.0,2019,Montréal
552,99,GIO,13.0,2019,Montréal
553,8,GRO,14.0,2019,Montréal
554,7,RAI,15.0,2019,Montréal
555,63,RUS,16.0,2019,Montréal
556,20,MAG,17.0,2019,Montréal
557,88,KUB,18.0,2019,Montréal
558,23,ALB,19.0,2019,Montréal
559,4,NOR,20.0,2019,Montréal
560,44,HAM,1.0,2019,Le Castellet
561,77,BOT,2.0,2019,Le Castellet
562,16,LEC,3.0,2019,Le Castellet
563,33,VER,4.0,2019,Le Castellet
564,5,VET,5.0,2019,Le Castellet
565,55,SAI,6.0,2019,Le Castellet
566,7,RAI,7.0,2019,Le Castellet
567,27,HUL,8.0,2019,Le Castellet
568,4,NOR,9.0,2019,Le Castellet
569,10,GAS,10.0,2019,Le Castellet
570,3,RIC,11.0,2019,Le Castellet
571,11,PER,12.0,2019,Le Castellet
572,18,STR,13.0,2019,Le Castellet
573,26,KVY,14.0,2019,Le Castellet
574,23,ALB,15.0,2019,Le Castellet
575,99,GIO,16.0,2019,Le Castellet
576,20,MAG,17.0,2019,Le Castellet
577,88,KUB,18.0,2019,Le Castellet
578,63,RUS,19.0,2019,Le Castellet
579,8,GRO,20.0,2019,Le Castellet
580,33,VER,1.0,2019,Spielberg
581,16,LEC,2.0,2019,Spielberg
582,77,BOT,3.0,2019,Spielberg
583,5,VET,4.0,2019,Spielberg
584,44,HAM,5.0,2019,Spielberg
585,4,NOR,6.0,2019,Spielberg
586,10,GAS,7.0,2019,Spielberg
587,55,SAI,8.0,2019,Spielberg
588,7,RAI,9.0,2019,Spielberg
589,99,GIO,10.0,2019,Spielberg
590,11,PER,11.0,2019,Spielberg
591,3,RIC,12.0,2019,Spielberg
592,27,HUL,13.0,2019,Spielberg
593,18,STR,14.0,2019,Spielberg
594,23,ALB,15.0,2019,Spielberg
595,8,GRO,16.0,2019,Spielberg
596,26,KVY,17.0,2019,Spielberg
597,63,RUS,18.0,2019,Spielberg
598,20,MAG,19.0,2019,Spielberg
599,88,KUB,20.0,2019,Spielberg
600,44,HAM,1.0,2019,Silverstone
601,77,BOT,2.0,2019,Silverstone
602,16,LEC,3.0,2019,Silverstone
603,10,GAS,4.0,2019,Silverstone
604,33,VER,5.0,2019,Silverstone
605,55,SAI,6.0,2019,Silverstone
606,3,RIC,7.0,2019,Silverstone
607,7,RAI,8.0,2019,Silverstone
608,26,KVY,9.0,2019,Silverstone
609,27,HUL,10.0,2019,Silverstone
610,4,NOR,11.0,2019,Silverstone
611,23,ALB,12.0,2019,Silverstone
612,18,STR,13.0,2019,Silverstone
613,63,RUS,14.0,2019,Silverstone
614,88,KUB,15.0,2019,Silverstone
615,5,VET,16.0,2019,Silverstone
616,11,PER,17.0,2019,Silverstone
617,99,GIO,18.0,2019,Silverstone
618,8,GRO,19.0,2019,Silverstone
619,20,MAG,20.0,2019,Silverstone
620,33,VER,1.0,2019,Hockenheim
621,5,VET,2.0,2019,Hockenheim
622,26,KVY,3.0,2019,Hockenheim
623,18,STR,4.0,2019,Hockenheim
624,55,SAI,5.0,2019,Hockenheim
625,23,ALB,6.0,2019,Hockenheim
626,8,GRO,7.0,2019,Hockenheim
627,20,MAG,8.0,2019,Hockenheim
628,44,HAM,9.0,2019,Hockenheim
629,88,KUB,10.0,2019,Hockenheim
630,63,RUS,11.0,2019,Hockenheim
631,7,RAI,12.0,2019,Hockenheim
632,99,GIO,13.0,2019,Hockenheim
633,10,GAS,14.0,2019,Hockenheim
634,77,BOT,15.0,2019,Hockenheim
635,27,HUL,16.0,2019,Hockenheim
636,16,LEC,17.0,2019,Hockenheim
637,4,NOR,18.0,2019,Hockenheim
638,3,RIC,19.0,2019,Hockenheim
639,11,PER,20.0,2019,Hockenheim
640,44,HAM,1.0,2019,Budapest
641,33,VER,2.0,2019,Budapest
642,5,VET,3.0,2019,Budapest
643,16,LEC,4.0,2019,Budapest
644,55,SAI,5.0,2019,Budapest
645,10,GAS,6.0,2019,Budapest
646,7,RAI,7.0,2019,Budapest
647,77,BOT,8.0,2019,Budapest
648,4,NOR,9.0,2019,Budapest
649,23,ALB,10.0,2019,Budapest
650,11,PER,11.0,2019,Budapest
651,27,HUL,12.0,2019,Budapest
652,20,MAG,13.0,2019,Budapest
653,3,RIC,14.0,2019,Budapest
654,26,KVY,15.0,2019,Budapest
655,63,RUS,16.0,2019,Budapest
656,18,STR,17.0,2019,Budapest
657,99,GIO,18.0,2019,Budapest
658,88,KUB,19.0,2019,Budapest
659,8,GRO,20.0,2019,Budapest
660,16,LEC,1.0,2019,Spa-Francorchamps
661,44,HAM,2.0,2019,Spa-Francorchamps
662,77,BOT,3.0,2019,Spa-Francorchamps
663,5,VET,4.0,2019,Spa-Francorchamps
664,23,ALB,5.0,2019,Spa-Francorchamps
665,11,PER,6.0,2019,Spa-Francorchamps
666,26,KVY,7.0,2019,Spa-Francorchamps
667,27,HUL,8.0,2019,Spa-Francorchamps
668,10,GAS,9.0,2019,Spa-Francorchamps
669,18,STR,10.0,2019,Spa-Francorchamps
670,4,NOR,11.0,2019,Spa-Francorchamps
671,20,MAG,12.0,2019,Spa-Francorchamps
672,8,GRO,13.0,2019,Spa-Francorchamps
673,3,RIC,14.0,2019,Spa-Francorchamps
674,63,RUS,15.0,2019,Spa-Francorchamps
675,7,RAI,16.0,2019,Spa-Francorchamps
676,88,KUB,17.0,2019,Spa-Francorchamps
677,99,GIO,18.0,2019,Spa-Francorchamps
678,55,SAI,19.0,2019,Spa-Francorchamps
679,33,VER,20.0,2019,Spa-Francorchamps
680,16,LEC,1.0,2019,Monza
681,77,BOT,2.0,2019,Monza
682,44,HAM,3.0,2019,Monza
683,3,RIC,4.0,2019,Monza
684,27,HUL,5.0,2019,Monza
685,23,ALB,6.0,2019,Monza
686,11,PER,7.0,2019,Monza
687,33,VER,8.0,2019,Monza
688,99,GIO,9.0,2019,Monza
689,4,NOR,10.0,2019,Monza
690,10,GAS,11.0,2019,Monza
691,18,STR,12.0,2019,Monza
692,5,VET,13.0,2019,Monza
693,63,RUS,14.0,2019,Monza
694,7,RAI,15.0,2019,Monza
695,8,GRO,16.0,2019,Monza
696,88,KUB,17.0,2019,Monza
697,20,MAG,18.0,2019,Monza
698,26,KVY,19.0,2019,Monza
699,55,SAI,20.0,2019,Monza
700,5,VET,1.0,2019,Singapore
701,16,LEC,2.0,2019,Singapore
702,33,VER,3.0,2019,Singapore
703,44,HAM,4.0,2019,Singapore
704,77,BOT,5.0,2019,Singapore
705,23,ALB,6.0,2019,Singapore
706,4,NOR,7.0,2019,Singapore
707,10,GAS,8.0,2019,Singapore
708,27,HUL,9.0,2019,Singapore
709,99,GIO,10.0,2019,Singapore
710,8,GRO,11.0,2019,Singapore
711,55,SAI,12.0,2019,Singapore
712,18,STR,13.0,2019,Singapore
713,3,RIC,14.0,2019,Singapore
714,26,KVY,15.0,2019,Singapore
715,88,KUB,16.0,2019,Singapore
716,20,MAG,17.0,2019,Singapore
717,7,RAI,18.0,2019,Singapore
718,11,PER,19.0,2019,Singapore
719,63,RUS,20.0,2019,Singapore
720,44,HAM,1.0,2019,Sochi
721,77,BOT,2.0,2019,Sochi
722,16,LEC,3.0,2019,Sochi
723,33,VER,4.0,2019,Sochi
724,23,ALB,5.0,2019,Sochi
725,55,SAI,6.0,2019,Sochi
726,11,PER,7.0,2019,Sochi
727,4,NOR,8.0,2019,Sochi
728,20,MAG,9.0,2019,Sochi
729,27,HUL,10.0,2019,Sochi
730,18,STR,11.0,2019,Sochi
731,26,KVY,12.0,2019,Sochi
732,7,RAI,13.0,2019,Sochi
733,10,GAS,14.0,2019,Sochi
734,99,GIO,15.0,2019,Sochi
735,88,KUB,16.0,2019,Sochi
736,63,RUS,17.0,2019,Sochi
737,5,VET,18.0,2019,Sochi
738,3,RIC,19.0,2019,Sochi
739,8,GRO,20.0,2019,Sochi
740,77,BOT,1.0,2019,Suzuka
741,5,VET,2.0,2019,Suzuka
742,44,HAM,3.0,2019,Suzuka
743,23,ALB,4.0,2019,Suzuka
744,55,SAI,5.0,2019,Suzuka
745,16,LEC,6.0,2019,Suzuka
746,10,GAS,7.0,2019,Suzuka
747,11,PER,8.0,2019,Suzuka
748,18,STR,9.0,2019,Suzuka
749,26,KVY,10.0,2019,Suzuka
750,4,NOR,11.0,2019,Suzuka
751,7,RAI,12.0,2019,Suzuka
752,8,GRO,13.0,2019,Suzuka
753,99,GIO,14.0,2019,Suzuka
754,20,MAG,15.0,2019,Suzuka
755,63,RUS,16.0,2019,Suzuka
756,88,KUB,17.0,2019,Suzuka
757,33,VER,18.0,2019,Suzuka
758,3,RIC,19.0,2019,Suzuka
759,27,HUL,20.0,2019,Suzuka
760,44,HAM,1.0,2019,Mexico City
761,5,VET,2.0,2019,Mexico City
762,77,BOT,3.0,2019,Mexico City
763,16,LEC,4.0,2019,Mexico City
764,23,ALB,5.0,2019,Mexico City
765,33,VER,6.0,2019,Mexico City
766,11,PER,7.0,2019,Mexico City
767,3,RIC,8.0,2019,Mexico City
768,10,GAS,9.0,2019,Mexico City
769,27,HUL,10.0,2019,Mexico City
770,26,KVY,11.0,2019,Mexico City
771,18,STR,12.0,2019,Mexico City
772,55,SAI,13.0,2019,Mexico City
773,99,GIO,14.0,2019,Mexico City
774,20,MAG,15.0,2019,Mexico City
775,63,RUS,16.0,2019,Mexico City
776,8,GRO,17.0,2019,Mexico City
777,88,KUB,18.0,2019,Mexico City
778,7,RAI,19.0,2019,Mexico City
779,4,NOR,20.0,2019,Mexico City
780,77,BOT,1.0,2019,Austin
781,44,HAM,2.0,2019,Austin
782,33,VER,3.0,2019,Austin
783,16,LEC,4.0,2019,Austin
784,23,ALB,5.0,2019,Austin
785,3,RIC,6.0,2019,Austin
786,4,NOR,7.0,2019,Austin
787,55,SAI,8.0,2019,Austin
788,27,HUL,9.0,2019,Austin
789,11,PER,10.0,2019,Austin
790,7,RAI,11.0,2019,Austin
791,26,KVY,12.0,2019,Austin
792,18,STR,13.0,2019,Austin
793,99,GIO,14.0,2019,Austin
794,8,GRO,15.0,2019,Austin
795,10,GAS,16.0,2019,Austin
796,63,RUS,17.0,2019,Austin
797,20,MAG,18.0,2019,Austin
798,88,KUB,19.0,2019,Austin
799,5,VET,20.0,2019,Austin
800,33,VER,1.0,2019,São Paulo
801,10,GAS,2.0,2019,São Paulo
802,55,SAI,3.0,2019,São Paulo
803,7,RAI,4.0,2019,São Paulo
804,99,GIO,5.0,2019,São Paulo
805,3,RIC,6.0,2019,São Paulo
806,44,HAM,7.0,2019,São Paulo
807,4,NOR,8.0,2019,São Paulo
808,11,PER,9.0,2019,São Paulo
809,26,KVY,10.0,2019,São Paulo
810,20,MAG,11.0,2019,São Paulo
811,63,RUS,12.0,2019,São Paulo
812,8,GRO,13.0,2019,São Paulo
813,23,ALB,14.0,2019,São Paulo
814,27,HUL,15.0,2019,São Paulo
815,88,KUB,16.0,2019,São Paulo
816,5,VET,17.0,2019,São Paulo
817,16,LEC,18.0,2019,São Paulo
818,18,STR,19.0,2019,São Paulo
819,77,BOT,20.0,2019,São Paulo
820,44,HAM,1.0,2019,Yas Island
821,33,VER,2.0,2019,Yas Island
822,16,LEC,3.0,2019,Yas Island
823,77,BOT,4.0,2019,Yas Island
824,5,VET,5.0,2019,Yas Island
825,23,ALB,6.0,2019,Yas Island
826,11,PER,7.0,2019,Yas Island
827,4,NOR,8.0,2019,Yas Island
828,26,KVY,9.0,2019,Yas Island
829,55,SAI,10.0,2019,Yas Island
830,3,RIC,11.0,2019,Yas Island
831,27,HUL,12.0,2019,Yas Island
832,7,RAI,13.0,2019,Yas Island
833,20,MAG,14.0,2019,Yas Island
834,8,GRO,15.0,2019,Yas Island
835,99,GIO,16.0,2019,Yas Island
836,63,RUS,17.0,2019,Yas Island
837,10,GAS,18.0,2019,Yas Island
838,88,KUB,19.0,2019,Yas Island
839,18,STR,20.0,2019,Yas Island
840,44,HAM,1.0,2020,Barcelona
841,33,VER,2.0,2020,Barcelona
842,77,BOT,3.0,2020,Barcelona
843,18,STR,4.0,2020,Barcelona
844,11,PER,5.0,2020,Barcelona
845,55,SAI,6.0,2020,Barcelona
846,5,VET,7.0,2020,Barcelona
847,23,ALB,8.0,2020,Barcelona
848,10,GAS,9.0,2020,Barcelona
849,4,NOR,10.0,2020,Barcelona
850,3,RIC,11.0,2020,Barcelona
851,26,KVY,12.0,2020,Barcelona
852,31,OCO,13.0,2020,Barcelona
853,7,RAI,14.0,2020,Barcelona
854,20,MAG,15.0,2020,Barcelona
855,99,GIO,16.0,2020,Barcelona
856,63,RUS,17.0,2020,Barcelona
857,6,LAT,18.0,2020,Barcelona
858,8,GRO,19.0,2020,Barcelona
859,16,LEC,20.0,2020,Barcelona
860,44,HAM,1.0,2020,Barcelona
861,33,VER,2.0,2020,Barcelona
862,77,BOT,3.0,2020,Barcelona
863,18,STR,4.0,2020,Barcelona
864,11,PER,5.0,2020,Barcelona
865,55,SAI,6.0,2020,Barcelona
866,5,VET,7.0,2020,Barcelona
867,23,ALB,8.0,2020,Barcelona
868,10,GAS,9.0,2020,Barcelona
869,4,NOR,10.0,2020,Barcelona
870,3,RIC,11.0,2020,Barcelona
871,26,KVY,12.0,2020,Barcelona
872,31,OCO,13.0,2020,Barcelona
873,7,RAI,14.0,2020,Barcelona
874,20,MAG,15.0,2020,Barcelona
875,99,GIO,16.0,2020,Barcelona
876,63,RUS,17.0,2020,Barcelona
877,6,LAT,18.0,2020,Barcelona
878,8,GRO,19.0,2020,Barcelona
879,16,LEC,20.0,2020,Barcelona
880,77,BOT,1.0,2020,Spielberg
881,16,LEC,2.0,2020,Spielberg
882,4,NOR,3.0,2020,Spielberg
883,44,HAM,4.0,2020,Spielberg
884,55,SAI,5.0,2020,Spielberg
885,11,PER,6.0,2020,Spielberg
886,10,GAS,7.0,2020,Spielberg
887,31,OCO,8.0,2020,Spielberg
888,99,GIO,9.0,2020,Spielberg
889,5,VET,10.0,2020,Spielberg
890,6,LAT,11.0,2020,Spielberg
891,26,KVY,12.0,2020,Spielberg
892,23,ALB,13.0,2020,Spielberg
893,7,RAI,14.0,2020,Spielberg
894,63,RUS,15.0,2020,Spielberg
895,8,GRO,16.0,2020,Spielberg
896,20,MAG,17.0,2020,Spielberg
897,18,STR,18.0,2020,Spielberg
898,3,RIC,19.0,2020,Spielberg
899,33,VER,20.0,2020,Spielberg
900,77,BOT,1.0,2020,Spielberg
901,16,LEC,2.0,2020,Spielberg
902,4,NOR,3.0,2020,Spielberg
903,44,HAM,4.0,2020,Spielberg
904,55,SAI,5.0,2020,Spielberg
905,11,PER,6.0,2020,Spielberg
906,10,GAS,7.0,2020,Spielberg
907,31,OCO,8.0,2020,Spielberg
908,99,GIO,9.0,2020,Spielberg
909,5,VET,10.0,2020,Spielberg
910,6,LAT,11.0,2020,Spielberg
911,26,KVY,12.0,2020,Spielberg
912,23,ALB,13.0,2020,Spielberg
913,7,RAI,14.0,2020,Spielberg
914,63,RUS,15.0,2020,Spielberg
915,8,GRO,16.0,2020,Spielberg
916,20,MAG,17.0,2020,Spielberg
917,18,STR,18.0,2020,Spielberg
918,3,RIC,19.0,2020,Spielberg
919,33,VER,20.0,2020,Spielberg
920,44,HAM,1.0,2020,Budapest
921,33,VER,2.0,2020,Budapest
922,77,BOT,3.0,2020,Budapest
923,18,STR,4.0,2020,Budapest
924,23,ALB,5.0,2020,Budapest
925,5,VET,6.0,2020,Budapest
926,11,PER,7.0,2020,Budapest
927,3,RIC,8.0,2020,Budapest
928,55,SAI,9.0,2020,Budapest
929,20,MAG,10.0,2020,Budapest
930,16,LEC,11.0,2020,Budapest
931,26,KVY,12.0,2020,Budapest
932,4,NOR,13.0,2020,Budapest
933,31,nan,14.0,2020,Budapest
934,7,RAI,15.0,2020,Budapest
935,8,GRO,16.0,2020,Budapest
936,99,GIO,17.0,2020,Budapest
937,63,RUS,18.0,2020,Budapest
938,6,LAT,19.0,2020,Budapest
939,10,GAS,20.0,2020,Budapest
940,44,HAM,1.0,2020,Silverstone
941,33,VER,2.0,2020,Silverstone
942,16,LEC,3.0,2020,Silverstone
943,3,RIC,4.0,2020,Silverstone
944,4,NOR,5.0,2020,Silverstone
945,31,OCO,6.0,2020,Silverstone
946,10,GAS,7.0,2020,Silverstone
947,23,ALB,8.0,2020,Silverstone
948,18,STR,9.0,2020,Silverstone
949,5,VET,10.0,2020,Silverstone
950,77,BOT,11.0,2020,Silverstone
951,63,RUS,12.0,2020,Silverstone
952,55,SAI,13.0,2020,Silverstone
953,99,GIO,14.0,2020,Silverstone
954,6,LAT,15.0,2020,Silverstone
955,8,GRO,16.0,2020,Silverstone
956,7,RAI,17.0,2020,Silverstone
957,26,KVY,18.0,2020,Silverstone
958,20,MAG,19.0,2020,Silverstone
959,27,HUL,20.0,2020,Silverstone
960,44,HAM,1.0,2020,Silverstone
961,33,VER,2.0,2020,Silverstone
962,16,LEC,3.0,2020,Silverstone
963,3,RIC,4.0,2020,Silverstone
964,4,NOR,5.0,2020,Silverstone
965,31,OCO,6.0,2020,Silverstone
966,10,GAS,7.0,2020,Silverstone
967,23,ALB,8.0,2020,Silverstone
968,18,STR,9.0,2020,Silverstone
969,5,VET,10.0,2020,Silverstone
970,77,BOT,11.0,2020,Silverstone
971,63,RUS,12.0,2020,Silverstone
972,55,SAI,13.0,2020,Silverstone
973,99,GIO,14.0,2020,Silverstone
974,6,LAT,15.0,2020,Silverstone
975,8,GRO,16.0,2020,Silverstone
976,7,RAI,17.0,2020,Silverstone
977,26,KVY,18.0,2020,Silverstone
978,20,MAG,19.0,2020,Silverstone
979,27,HUL,20.0,2020,Silverstone
980,44,HAM,1.0,2020,Barcelona
981,33,VER,2.0,2020,Barcelona
982,77,BOT,3.0,2020,Barcelona
983,18,STR,4.0,2020,Barcelona
984,11,PER,5.0,2020,Barcelona
985,55,SAI,6.0,2020,Barcelona
986,5,VET,7.0,2020,Barcelona
987,23,ALB,8.0,2020,Barcelona
988,10,GAS,9.0,2020,Barcelona
989,4,NOR,10.0,2020,Barcelona
990,3,RIC,11.0,2020,Barcelona
991,26,KVY,12.0,2020,Barcelona
992,31,OCO,13.0,2020,Barcelona
993,7,RAI,14.0,2020,Barcelona
994,20,MAG,15.0,2020,Barcelona
995,99,GIO,16.0,2020,Barcelona
996,63,RUS,17.0,2020,Barcelona
997,6,LAT,18.0,2020,Barcelona
998,8,GRO,19.0,2020,Barcelona
999,16,LEC,20.0,2020,Barcelona
1000,44,HAM,1.0,2020,Spa-Francorchamps
1001,77,BOT,2.0,2020,Spa-Francorchamps
1002,33,VER,3.0,2020,Spa-Francorchamps
1003,3,RIC,4.0,2020,Spa-Francorchamps
1004,31,OCO,5.0,2020,Spa-Francorchamps
1005,23,ALB,6.0,2020,Spa-Francorchamps
1006,4,NOR,7.0,2020,Spa-Francorchamps
1007,10,GAS,8.0,2020,Spa-Francorchamps
1008,18,STR,9.0,2020,Spa-Francorchamps
1009,11,PER,10.0,2020,Spa-Francorchamps
1010,26,KVY,11.0,2020,Spa-Francorchamps
1011,7,RAI,12.0,2020,Spa-Francorchamps
1012,5,VET,13.0,2020,Spa-Francorchamps
1013,16,LEC,14.0,2020,Spa-Francorchamps
1014,8,GRO,15.0,2020,Spa-Francorchamps
1015,6,LAT,16.0,2020,Spa-Francorchamps
1016,20,MAG,17.0,2020,Spa-Francorchamps
1017,99,GIO,18.0,2020,Spa-Francorchamps
1018,63,RUS,19.0,2020,Spa-Francorchamps
1019,55,SAI,20.0,2020,Spa-Francorchamps
1020,10,GAS,1.0,2020,Monza
1021,55,SAI,2.0,2020,Monza
1022,18,STR,3.0,2020,Monza
1023,4,NOR,4.0,2020,Monza
1024,77,BOT,5.0,2020,Monza
1025,3,RIC,6.0,2020,Monza
1026,44,HAM,7.0,2020,Monza
1027,31,OCO,8.0,2020,Monza
1028,26,KVY,9.0,2020,Monza
1029,11,PER,10.0,2020,Monza
1030,6,LAT,11.0,2020,Monza
1031,8,GRO,12.0,2020,Monza
1032,7,RAI,13.0,2020,Monza
1033,63,RUS,14.0,2020,Monza
1034,23,ALB,15.0,2020,Monza
1035,99,GIO,16.0,2020,Monza
1036,33,VER,17.0,2020,Monza
1037,16,LEC,18.0,2020,Monza
1038,20,MAG,19.0,2020,Monza
1039,5,VET,20.0,2020,Monza
1040,44,HAM,1.0,2020,Mugello
1041,77,BOT,2.0,2020,Mugello
1042,23,ALB,3.0,2020,Mugello
1043,3,RIC,4.0,2020,Mugello
1044,11,PER,5.0,2020,Mugello
1045,4,NOR,6.0,2020,Mugello
1046,26,KVY,7.0,2020,Mugello
1047,16,LEC,8.0,2020,Mugello
1048,7,RAI,9.0,2020,Mugello
1049,5,VET,10.0,2020,Mugello
1050,63,RUS,11.0,2020,Mugello
1051,8,GRO,12.0,2020,Mugello
1052,18,STR,13.0,2020,Mugello
1053,31,OCO,14.0,2020,Mugello
1054,6,LAT,15.0,2020,Mugello
1055,20,MAG,16.0,2020,Mugello
1056,99,GIO,17.0,2020,Mugello
1057,55,SAI,18.0,2020,Mugello
1058,33,VER,19.0,2020,Mugello
1059,10,GAS,20.0,2020,Mugello
1060,77,BOT,1.0,2020,Sochi
1061,33,VER,2.0,2020,Sochi
1062,44,HAM,3.0,2020,Sochi
1063,11,PER,4.0,2020,Sochi
1064,3,RIC,5.0,2020,Sochi
1065,16,LEC,6.0,2020,Sochi
1066,31,OCO,7.0,2020,Sochi
1067,26,KVY,8.0,2020,Sochi
1068,10,GAS,9.0,2020,Sochi
1069,23,ALB,10.0,2020,Sochi
1070,99,GIO,11.0,2020,Sochi
1071,20,MAG,12.0,2020,Sochi
1072,5,VET,13.0,2020,Sochi
1073,7,RAI,14.0,2020,Sochi
1074,4,NOR,15.0,2020,Sochi
1075,6,LAT,16.0,2020,Sochi
1076,8,GRO,17.0,2020,Sochi
1077,63,RUS,18.0,2020,Sochi
1078,55,SAI,19.0,2020,Sochi
1079,18,STR,20.0,2020,Sochi
1080,44,HAM,1.0,2020,Nürburgring
1081,33,VER,2.0,2020,Nürburgring
1082,3,RIC,3.0,2020,Nürburgring
1083,11,PER,4.0,2020,Nürburgring
1084,55,SAI,5.0,2020,Nürburgring
1085,10,GAS,6.0,2020,Nürburgring
1086,16,LEC,7.0,2020,Nürburgring
1087,27,HUL,8.0,2020,Nürburgring
1088,8,GRO,9.0,2020,Nürburgring
1089,99,GIO,10.0,2020,Nürburgring
1090,5,VET,11.0,2020,Nürburgring
1091,7,RAI,12.0,2020,Nürburgring
1092,20,MAG,13.0,2020,Nürburgring
1093,6,LAT,14.0,2020,Nürburgring
1094,26,KVY,15.0,2020,Nürburgring
1095,4,NOR,16.0,2020,Nürburgring
1096,23,ALB,17.0,2020,Nürburgring
1097,31,OCO,18.0,2020,Nürburgring
1098,77,BOT,19.0,2020,Nürburgring
1099,63,RUS,20.0,2020,Nürburgring
1100,44,HAM,1.0,2020,Portimão
1101,77,BOT,2.0,2020,Portimão
1102,33,VER,3.0,2020,Portimão
1103,16,LEC,4.0,2020,Portimão
1104,10,GAS,5.0,2020,Portimão
1105,55,SAI,6.0,2020,Portimão
1106,11,PER,7.0,2020,Portimão
1107,31,OCO,8.0,2020,Portimão
1108,3,RIC,9.0,2020,Portimão
1109,5,VET,10.0,2020,Portimão
1110,7,RAI,11.0,2020,Portimão
1111,23,ALB,12.0,2020,Portimão
1112,4,NOR,13.0,2020,Portimão
1113,63,RUS,14.0,2020,Portimão
1114,99,GIO,15.0,2020,Portimão
1115,20,MAG,16.0,2020,Portimão
1116,8,GRO,17.0,2020,Portimão
1117,6,LAT,18.0,2020,Portimão
1118,26,KVY,19.0,2020,Portimão
1119,18,STR,20.0,2020,Portimão
1120,44,HAM,1.0,2020,Imola
1121,77,BOT,2.0,2020,Imola
1122,3,RIC,3.0,2020,Imola
1123,26,KVY,4.0,2020,Imola
1124,16,LEC,5.0,2020,Imola
1125,11,PER,6.0,2020,Imola
1126,55,SAI,7.0,2020,Imola
1127,4,NOR,8.0,2020,Imola
1128,7,RAI,9.0,2020,Imola
1129,99,GIO,10.0,2020,Imola
1130,6,LAT,11.0,2020,Imola
1131,5,VET,12.0,2020,Imola
1132,18,STR,13.0,2020,Imola
1133,8,GRO,14.0,2020,Imola
1134,23,ALB,15.0,2020,Imola
1135,63,RUS,16.0,2020,Imola
1136,33,VER,17.0,2020,Imola
1137,20,MAG,18.0,2020,Imola
1138,31,OCO,19.0,2020,Imola
1139,10,GAS,20.0,2020,Imola
1140,44,HAM,1.0,2020,Istanbul
1141,11,PER,2.0,2020,Istanbul
1142,5,VET,3.0,2020,Istanbul
1143,16,LEC,4.0,2020,Istanbul
1144,55,SAI,5.0,2020,Istanbul
1145,33,VER,6.0,2020,Istanbul
1146,23,ALB,7.0,2020,Istanbul
1147,4,NOR,8.0,2020,Istanbul
1148,18,STR,9.0,2020,Istanbul
1149,3,RIC,10.0,2020,Istanbul
1150,31,OCO,11.0,2020,Istanbul
1151,26,KVY,12.0,2020,Istanbul
1152,10,GAS,13.0,2020,Istanbul
1153,77,BOT,14.0,2020,Istanbul
1154,7,RAI,15.0,2020,Istanbul
1155,63,RUS,16.0,2020,Istanbul
1156,20,MAG,17.0,2020,Istanbul
1157,8,GRO,18.0,2020,Istanbul
1158,6,LAT,19.0,2020,Istanbul
1159,99,GIO,20.0,2020,Istanbul
1160,44,HAM,1.0,2020,Sakhir
1161,33,VER,2.0,2020,Sakhir
1162,23,ALB,3.0,2020,Sakhir
1163,4,NOR,4.0,2020,Sakhir
1164,55,SAI,5.0,2020,Sakhir
1165,10,GAS,6.0,2020,Sakhir
1166,3,RIC,7.0,2020,Sakhir
1167,77,BOT,8.0,2020,Sakhir
1168,31,OCO,9.0,2020,Sakhir
1169,16,LEC,10.0,2020,Sakhir
1170,26,KVY,11.0,2020,Sakhir
1171,63,RUS,12.0,2020,Sakhir
1172,5,VET,13.0,2020,Sakhir
1173,6,LAT,14.0,2020,Sakhir
1174,7,RAI,15.0,2020,Sakhir
1175,99,GIO,16.0,2020,Sakhir
1176,20,MAG,17.0,2020,Sakhir
1177,11,PER,18.0,2020,Sakhir
1178,18,STR,19.0,2020,Sakhir
1179,8,GRO,20.0,2020,Sakhir
1180,44,HAM,1.0,2020,Sakhir
1181,33,VER,2.0,2020,Sakhir
1182,23,ALB,3.0,2020,Sakhir
1183,4,NOR,4.0,2020,Sakhir
1184,55,SAI,5.0,2020,Sakhir
1185,10,GAS,6.0,2020,Sakhir
1186,3,RIC,7.0,2020,Sakhir
1187,77,BOT,8.0,2020,Sakhir
1188,31,OCO,9.0,2020,Sakhir
1189,16,LEC,10.0,2020,Sakhir
1190,26,KVY,11.0,2020,Sakhir
1191,63,RUS,12.0,2020,Sakhir
1192,5,VET,13.0,2020,Sakhir
1193,6,LAT,14.0,2020,Sakhir
1194,7,RAI,15.0,2020,Sakhir
1195,99,GIO,16.0,2020,Sakhir
1196,20,MAG,17.0,2020,Sakhir
1197,11,PER,18.0,2020,Sakhir
1198,18,STR,19.0,2020,Sakhir
1199,8,GRO,20.0,2020,Sakhir
1200,33,VER,1.0,2020,Yas Island
1201,77,BOT,2.0,2020,Yas Island
1202,44,HAM,3.0,2020,Yas Island
1203,23,ALB,4.0,2020,Yas Island
1204,4,NOR,5.0,2020,Yas Island
1205,55,SAI,6.0,2020,Yas Island
1206,3,RIC,7.0,2020,Yas Island
1207,10,GAS,8.0,2020,Yas Island
1208,31,OCO,9.0,2020,Yas Island
1209,18,STR,10.0,2020,Yas Island
1210,26,KVY,11.0,2020,Yas Island
1211,7,RAI,12.0,2020,Yas Island
1212,16,LEC,13.0,2020,Yas Island
1213,5,VET,14.0,2020,Yas Island
1214,63,RUS,15.0,2020,Yas Island
1215,99,GIO,16.0,2020,Yas Island
1216,6,LAT,17.0,2020,Yas Island
1217,20,MAG,18.0,2020,Yas Island
1218,51,FIT,19.0,2020,Yas Island
1219,11,PER,20.0,2020,Yas Island
1220,44,HAM,1.0,2021,Bahrain
1221,33,VER,2.0,2021,Bahrain
1222,77,BOT,3.0,2021,Bahrain
1223,4,NOR,4.0,2021,Bahrain
1224,11,PER,5.0,2021,Bahrain
1225,16,LEC,6.0,2021,Bahrain
1226,3,RIC,7.0,2021,Bahrain
1227,55,SAI,8.0,2021,Bahrain
1228,22,TSU,9.0,2021,Bahrain
1229,18,STR,10.0,2021,Bahrain
1230,7,RAI,11.0,2021,Bahrain
1231,99,GIO,12.0,2021,Bahrain
1232,31,OCO,13.0,2021,Bahrain
1233,63,RUS,14.0,2021,Bahrain
1234,5,VET,15.0,2021,Bahrain
1235,47,MSC,16.0,2021,Bahrain
1236,10,GAS,17.0,2021,Bahrain
1237,6,LAT,18.0,2021,Bahrain
1238,14,ALO,19.0,2021,Bahrain
1239,9,MAZ,20.0,2021,Bahrain
1240,44,HAM,1.0,2021,Sakhir
1241,33,VER,2.0,2021,Sakhir
1242,77,BOT,3.0,2021,Sakhir
1243,4,NOR,4.0,2021,Sakhir
1244,11,PER,5.0,2021,Sakhir
1245,16,LEC,6.0,2021,Sakhir
1246,3,RIC,7.0,2021,Sakhir
1247,55,SAI,8.0,2021,Sakhir
1248,22,TSU,9.0,2021,Sakhir
1249,18,STR,10.0,2021,Sakhir
1250,7,RAI,11.0,2021,Sakhir
1251,99,GIO,12.0,2021,Sakhir
1252,31,OCO,13.0,2021,Sakhir
1253,63,RUS,14.0,2021,Sakhir
1254,5,VET,15.0,2021,Sakhir
1255,47,MSC,16.0,2021,Sakhir
1256,10,GAS,17.0,2021,Sakhir
1257,6,LAT,18.0,2021,Sakhir
1258,14,ALO,19.0,2021,Sakhir
1259,9,MAZ,20.0,2021,Sakhir
1260,33,VER,1.0,2021,Imola
1261,44,HAM,2.0,2021,Imola
1262,4,NOR,3.0,2021,Imola
1263,16,LEC,4.0,2021,Imola
1264,55,SAI,5.0,2021,Imola
1265,3,RIC,6.0,2021,Imola
1266,10,GAS,7.0,2021,Imola
1267,18,STR,8.0,2021,Imola
1268,31,OCO,9.0,2021,Imola
1269,14,ALO,10.0,2021,Imola
1270,11,PER,11.0,2021,Imola
1271,22,TSU,12.0,2021,Imola
1272,7,RAI,13.0,2021,Imola
1273,99,GIO,14.0,2021,Imola
1274,5,VET,15.0,2021,Imola
1275,47,MSC,16.0,2021,Imola
1276,9,MAZ,17.0,2021,Imola
1277,77,BOT,18.0,2021,Imola
1278,63,RUS,19.0,2021,Imola
1279,6,LAT,20.0,2021,Imola
1280,44,HAM,1.0,2021,Portimão
1281,33,VER,2.0,2021,Portimão
1282,77,BOT,3.0,2021,Portimão
1283,11,PER,4.0,2021,Portimão
1284,4,NOR,5.0,2021,Portimão
1285,16,LEC,6.0,2021,Portimão
1286,31,OCO,7.0,2021,Portimão
1287,14,ALO,8.0,2021,Portimão
1288,3,RIC,9.0,2021,Portimão
1289,10,GAS,10.0,2021,Portimão
1290,55,SAI,11.0,2021,Portimão
1291,99,GIO,12.0,2021,Portimão
1292,5,VET,13.0,2021,Portimão
1293,18,STR,14.0,2021,Portimão
1294,22,TSU,15.0,2021,Portimão
1295,63,RUS,16.0,2021,Portimão
1296,47,MSC,17.0,2021,Portimão
1297,6,LAT,18.0,2021,Portimão
1298,9,MAZ,19.0,2021,Portimão
1299,7,RAI,20.0,2021,Portimão
1300,44,HAM,1.0,2021,Barcelona
1301,33,VER,2.0,2021,Barcelona
1302,77,BOT,3.0,2021,Barcelona
1303,16,LEC,4.0,2021,Barcelona
1304,11,PER,5.0,2021,Barcelona
1305,3,RIC,6.0,2021,Barcelona
1306,55,SAI,7.0,2021,Barcelona
1307,4,NOR,8.0,2021,Barcelona
1308,31,OCO,9.0,2021,Barcelona
1309,10,GAS,10.0,2021,Barcelona
1310,18,STR,11.0,2021,Barcelona
1311,7,RAI,12.0,2021,Barcelona
1312,5,VET,13.0,2021,Barcelona
1313,63,RUS,14.0,2021,Barcelona
1314,99,GIO,15.0,2021,Barcelona
1315,6,LAT,16.0,2021,Barcelona
1316,14,ALO,17.0,2021,Barcelona
1317,47,MSC,18.0,2021,Barcelona
1318,9,MAZ,19.0,2021,Barcelona
1319,22,TSU,20.0,2021,Barcelona
1320,33,VER,1.0,2021,Monte Carlo
1321,55,SAI,2.0,2021,Monte Carlo
1322,4,NOR,3.0,2021,Monte Carlo
1323,11,PER,4.0,2021,Monte Carlo
1324,5,VET,5.0,2021,Monte Carlo
1325,10,GAS,6.0,2021,Monte Carlo
1326,44,HAM,7.0,2021,Monte Carlo
1327,18,STR,8.0,2021,Monte Carlo
1328,31,OCO,9.0,2021,Monte Carlo
1329,99,GIO,10.0,2021,Monte Carlo
1330,7,RAI,11.0,2021,Monte Carlo
1331,3,RIC,12.0,2021,Monte Carlo
1332,14,ALO,13.0,2021,Monte Carlo
1333,63,RUS,14.0,2021,Monte Carlo
1334,6,LAT,15.0,2021,Monte Carlo
1335,22,TSU,16.0,2021,Monte Carlo
1336,9,MAZ,17.0,2021,Monte Carlo
1337,47,MSC,18.0,2021,Monte Carlo
1338,77,BOT,19.0,2021,Monte Carlo
1339,16,LEC,20.0,2021,Monte Carlo
1340,11,PER,1.0,2021,Baku
1341,5,VET,2.0,2021,Baku
1342,10,GAS,3.0,2021,Baku
1343,16,LEC,4.0,2021,Baku
1344,4,NOR,5.0,2021,Baku
1345,14,ALO,6.0,2021,Baku
1346,22,TSU,7.0,2021,Baku
1347,55,SAI,8.0,2021,Baku
1348,3,RIC,9.0,2021,Baku
1349,7,RAI,10.0,2021,Baku
1350,99,GIO,11.0,2021,Baku
1351,77,BOT,12.0,2021,Baku
1352,47,MSC,13.0,2021,Baku
1353,9,MAZ,14.0,2021,Baku
1354,44,HAM,15.0,2021,Baku
1355,6,LAT,16.0,2021,Baku
1356,63,RUS,17.0,2021,Baku
1357,33,VER,18.0,2021,Baku
1358,18,STR,19.0,2021,Baku
1359,31,OCO,20.0,2021,Baku
1360,33,VER,1.0,2021,Le Castellet
1361,44,HAM,2.0,2021,Le Castellet
1362,11,PER,3.0,2021,Le Castellet
1363,77,BOT,4.0,2021,Le Castellet
1364,4,NOR,5.0,2021,Le Castellet
1365,3,RIC,6.0,2021,Le Castellet
1366,10,GAS,7.0,2021,Le Castellet
1367,14,ALO,8.0,2021,Le Castellet
1368,5,VET,9.0,2021,Le Castellet
1369,18,STR,10.0,2021,Le Castellet
1370,55,SAI,11.0,2021,Le Castellet
1371,63,RUS,12.0,2021,Le Castellet
1372,22,TSU,13.0,2021,Le Castellet
1373,31,OCO,14.0,2021,Le Castellet
1374,99,GIO,15.0,2021,Le Castellet
1375,16,LEC,16.0,2021,Le Castellet
1376,7,RAI,17.0,2021,Le Castellet
1377,6,LAT,18.0,2021,Le Castellet
1378,47,MSC,19.0,2021,Le Castellet
1379,9,MAZ,20.0,2021,Le Castellet
1380,33,VER,1.0,2021,Spielberg
1381,44,HAM,2.0,2021,Spielberg
1382,77,BOT,3.0,2021,Spielberg
1383,11,PER,4.0,2021,Spielberg
1384,4,NOR,5.0,2021,Spielberg
1385,55,SAI,6.0,2021,Spielberg
1386,16,LEC,7.0,2021,Spielberg
1387,18,STR,8.0,2021,Spielberg
1388,14,ALO,9.0,2021,Spielberg
1389,22,TSU,10.0,2021,Spielberg
1390,7,RAI,11.0,2021,Spielberg
1391,5,VET,12.0,2021,Spielberg
1392,3,RIC,13.0,2021,Spielberg
1393,31,OCO,14.0,2021,Spielberg
1394,99,GIO,15.0,2021,Spielberg
1395,47,MSC,16.0,2021,Spielberg
1396,6,LAT,17.0,2021,Spielberg
1397,9,MAZ,18.0,2021,Spielberg
1398,63,RUS,19.0,2021,Spielberg
1399,10,GAS,20.0,2021,Spielberg
1400,33,VER,1.0,2021,Spielberg
1401,44,HAM,2.0,2021,Spielberg
1402,77,BOT,3.0,2021,Spielberg
1403,11,PER,4.0,2021,Spielberg
1404,4,NOR,5.0,2021,Spielberg
1405,55,SAI,6.0,2021,Spielberg
1406,16,LEC,7.0,2021,Spielberg
1407,18,STR,8.0,2021,Spielberg
1408,14,ALO,9.0,2021,Spielberg
1409,22,TSU,10.0,2021,Spielberg
1410,7,RAI,11.0,2021,Spielberg
1411,5,VET,12.0,2021,Spielberg
1412,3,RIC,13.0,2021,Spielberg
1413,31,OCO,14.0,2021,Spielberg
1414,99,GIO,15.0,2021,Spielberg
1415,47,MSC,16.0,2021,Spielberg
1416,6,LAT,17.0,2021,Spielberg
1417,9,MAZ,18.0,2021,Spielberg
1418,63,RUS,19.0,2021,Spielberg
1419,10,GAS,20.0,2021,Spielberg
1420,44,HAM,1.0,2021,Silverstone
1421,16,LEC,2.0,2021,Silverstone
1422,77,BOT,3.0,2021,Silverstone
1423,4,NOR,4.0,2021,Silverstone
1424,3,RIC,5.0,2021,Silverstone
1425,55,SAI,6.0,2021,Silverstone
1426,14,ALO,7.0,2021,Silverstone
1427,18,STR,8.0,2021,Silverstone
1428,31,OCO,9.0,2021,Silverstone
1429,22,TSU,10.0,2021,Silverstone
1430,10,GAS,11.0,2021,Silverstone
1431,63,RUS,12.0,2021,Silverstone
1432,99,GIO,13.0,2021,Silverstone
1433,6,LAT,14.0,2021,Silverstone
1434,7,RAI,15.0,2021,Silverstone
1435,11,PER,16.0,2021,Silverstone
1436,9,MAZ,17.0,2021,Silverstone
1437,47,MSC,18.0,2021,Silverstone
1438,5,VET,19.0,2021,Silverstone
1439,33,VER,20.0,2021,Silverstone
1440,31,OCO,1.0,2021,Budapest
1441,44,HAM,2.0,2021,Budapest
1442,55,SAI,3.0,2021,Budapest
1443,14,ALO,4.0,2021,Budapest
1444,10,GAS,5.0,2021,Budapest
1445,22,TSU,6.0,2021,Budapest
1446,6,LAT,7.0,2021,Budapest
1447,63,RUS,8.0,2021,Budapest
1448,33,VER,9.0,2021,Budapest
1449,7,RAI,10.0,2021,Budapest
1450,3,RIC,11.0,2021,Budapest
1451,47,MSC,12.0,2021,Budapest
1452,99,GIO,13.0,2021,Budapest
1453,9,MAZ,14.0,2021,Budapest
1454,4,NOR,15.0,2021,Budapest
1455,77,BOT,16.0,2021,Budapest
1456,11,PER,17.0,2021,Budapest
1457,16,LEC,18.0,2021,Budapest
1458,18,STR,19.0,2021,Budapest
1459,5,VET,20.0,2021,Budapest
1460,33,VER,1.0,2021,Spa-Francorchamps
1461,63,RUS,2.0,2021,Spa-Francorchamps
1462,44,HAM,3.0,2021,Spa-Francorchamps
1463,3,RIC,4.0,2021,Spa-Francorchamps
1464,5,VET,5.0,2021,Spa-Francorchamps
1465,10,GAS,6.0,2021,Spa-Francorchamps
1466,31,OCO,7.0,2021,Spa-Francorchamps
1467,16,LEC,8.0,2021,Spa-Francorchamps
1468,6,LAT,9.0,2021,Spa-Francorchamps
1469,55,SAI,10.0,2021,Spa-Francorchamps
1470,14,ALO,11.0,2021,Spa-Francorchamps
1471,77,BOT,12.0,2021,Spa-Francorchamps
1472,99,GIO,13.0,2021,Spa-Francorchamps
1473,4,NOR,14.0,2021,Spa-Francorchamps
1474,22,TSU,15.0,2021,Spa-Francorchamps
1475,47,MSC,16.0,2021,Spa-Francorchamps
1476,9,MAZ,17.0,2021,Spa-Francorchamps
1477,7,RAI,18.0,2021,Spa-Francorchamps
1478,11,PER,19.0,2021,Spa-Francorchamps
1479,18,STR,20.0,2021,Spa-Francorchamps
1480,33,VER,1.0,2021,Zandvoort
1481,44,HAM,2.0,2021,Zandvoort
1482,77,BOT,3.0,2021,Zandvoort
1483,10,GAS,4.0,2021,Zandvoort
1484,16,LEC,5.0,2021,Zandvoort
1485,14,ALO,6.0,2021,Zandvoort
1486,55,SAI,7.0,2021,Zandvoort
1487,11,PER,8.0,2021,Zandvoort
1488,31,OCO,9.0,2021,Zandvoort
1489,4,NOR,10.0,2021,Zandvoort
1490,3,RIC,11.0,2021,Zandvoort
1491,18,STR,12.0,2021,Zandvoort
1492,5,VET,13.0,2021,Zandvoort
1493,99,GIO,14.0,2021,Zandvoort
1494,88,KUB,15.0,2021,Zandvoort
1495,6,LAT,16.0,2021,Zandvoort
1496,63,RUS,17.0,2021,Zandvoort
1497,47,MSC,18.0,2021,Zandvoort
1498,22,TSU,19.0,2021,Zandvoort
1499,9,MAZ,20.0,2021,Zandvoort
1500,3,RIC,1.0,2021,Monza
1501,4,NOR,2.0,2021,Monza
1502,77,BOT,3.0,2021,Monza
1503,16,LEC,4.0,2021,Monza
1504,11,PER,5.0,2021,Monza
1505,55,SAI,6.0,2021,Monza
1506,18,STR,7.0,2021,Monza
1507,14,ALO,8.0,2021,Monza
1508,63,RUS,9.0,2021,Monza
1509,31,OCO,10.0,2021,Monza
1510,6,LAT,11.0,2021,Monza
1511,5,VET,12.0,2021,Monza
1512,99,GIO,13.0,2021,Monza
1513,88,KUB,14.0,2021,Monza
1514,47,MSC,15.0,2021,Monza
1515,9,MAZ,16.0,2021,Monza
1516,44,HAM,17.0,2021,Monza
1517,33,VER,18.0,2021,Monza
1518,10,GAS,19.0,2021,Monza
1519,22,TSU,20.0,2021,Monza
1520,44,HAM,1.0,2021,Sochi
1521,33,VER,2.0,2021,Sochi
1522,55,SAI,3.0,2021,Sochi
1523,3,RIC,4.0,2021,Sochi
1524,77,BOT,5.0,2021,Sochi
1525,14,ALO,6.0,2021,Sochi
1526,4,NOR,7.0,2021,Sochi
1527,7,RAI,8.0,2021,Sochi
1528,11,PER,9.0,2021,Sochi
1529,63,RUS,10.0,2021,Sochi
1530,18,STR,11.0,2021,Sochi
1531,5,VET,12.0,2021,Sochi
1532,10,GAS,13.0,2021,Sochi
1533,31,OCO,14.0,2021,Sochi
1534,16,LEC,15.0,2021,Sochi
1535,99,GIO,16.0,2021,Sochi
1536,22,TSU,17.0,2021,Sochi
1537,9,MAZ,18.0,2021,Sochi
1538,6,LAT,19.0,2021,Sochi
1539,47,MSC,20.0,2021,Sochi
1540,77,BOT,1.0,2021,Istanbul
1541,33,VER,2.0,2021,Istanbul
1542,11,PER,3.0,2021,Istanbul
1543,16,LEC,4.0,2021,Istanbul
1544,44,HAM,5.0,2021,Istanbul
1545,10,GAS,6.0,2021,Istanbul
1546,4,NOR,7.0,2021,Istanbul
1547,55,SAI,8.0,2021,Istanbul
1548,18,STR,9.0,2021,Istanbul
1549,31,OCO,10.0,2021,Istanbul
1550,99,GIO,11.0,2021,Istanbul
1551,7,RAI,12.0,2021,Istanbul
1552,3,RIC,13.0,2021,Istanbul
1553,22,TSU,14.0,2021,Istanbul
1554,63,RUS,15.0,2021,Istanbul
1555,14,ALO,16.0,2021,Istanbul
1556,6,LAT,17.0,2021,Istanbul
1557,5,VET,18.0,2021,Istanbul
1558,47,MSC,19.0,2021,Istanbul
1559,9,MAZ,20.0,2021,Istanbul
1560,33,VER,1.0,2021,Austin
1561,44,HAM,2.0,2021,Austin
1562,11,PER,3.0,2021,Austin
1563,16,LEC,4.0,2021,Austin
1564,3,RIC,5.0,2021,Austin
1565,77,BOT,6.0,2021,Austin
1566,55,SAI,7.0,2021,Austin
1567,4,NOR,8.0,2021,Austin
1568,22,TSU,9.0,2021,Austin
1569,5,VET,10.0,2021,Austin
1570,99,GIO,11.0,2021,Austin
1571,18,STR,12.0,2021,Austin
1572,7,RAI,13.0,2021,Austin
1573,63,RUS,14.0,2021,Austin
1574,6,LAT,15.0,2021,Austin
1575,47,MSC,16.0,2021,Austin
1576,9,MAZ,17.0,2021,Austin
1577,14,ALO,18.0,2021,Austin
1578,31,OCO,19.0,2021,Austin
1579,10,GAS,20.0,2021,Austin
1580,33,VER,1.0,2021,Mexico City
1581,44,HAM,2.0,2021,Mexico City
1582,11,PER,3.0,2021,Mexico City
1583,10,GAS,4.0,2021,Mexico City
1584,16,LEC,5.0,2021,Mexico City
1585,55,SAI,6.0,2021,Mexico City
1586,5,VET,7.0,2021,Mexico City
1587,7,RAI,8.0,2021,Mexico City
1588,14,ALO,9.0,2021,Mexico City
1589,4,NOR,10.0,2021,Mexico City
1590,99,GIO,11.0,2021,Mexico City
1591,3,RIC,12.0,2021,Mexico City
1592,31,OCO,13.0,2021,Mexico City
1593,18,STR,14.0,2021,Mexico City
1594,77,BOT,15.0,2021,Mexico City
1595,63,RUS,16.0,2021,Mexico City
1596,6,LAT,17.0,2021,Mexico City
1597,9,MAZ,18.0,2021,Mexico City
1598,47,MSC,19.0,2021,Mexico City
1599,22,TSU,20.0,2021,Mexico City
1600,44,HAM,1.0,2021,São Paulo
1601,33,VER,2.0,2021,São Paulo
1602,77,BOT,3.0,2021,São Paulo
1603,11,PER,4.0,2021,São Paulo
1604,16,LEC,5.0,2021,São Paulo
1605,55,SAI,6.0,2021,São Paulo
1606,10,GAS,7.0,2021,São Paulo
1607,31,OCO,8.0,2021,São Paulo
1608,14,ALO,9.0,2021,São Paulo
1609,4,NOR,10.0,2021,São Paulo
1610,5,VET,11.0,2021,São Paulo
1611,7,RAI,12.0,2021,São Paulo
1612,63,RUS,13.0,2021,São Paulo
1613,99,GIO,14.0,2021,São Paulo
1614,22,TSU,15.0,2021,São Paulo
1615,6,LAT,16.0,2021,São Paulo
1616,9,MAZ,17.0,2021,São Paulo
1617,47,MSC,18.0,2021,São Paulo
1618,3,RIC,19.0,2021,São Paulo
1619,18,STR,20.0,2021,São Paulo
1620,44,HAM,1.0,2021,Lusail
1621,33,VER,2.0,2021,Lusail
1622,14,ALO,3.0,2021,Lusail
1623,11,PER,4.0,2021,Lusail
1624,31,OCO,5.0,2021,Lusail
1625,18,STR,6.0,2021,Lusail
1626,55,SAI,7.0,2021,Lusail
1627,16,LEC,8.0,2021,Lusail
1628,4,NOR,9.0,2021,Lusail
1629,5,VET,10.0,2021,Lusail
1630,10,GAS,11.0,2021,Lusail
1631,3,RIC,12.0,2021,Lusail
1632,22,TSU,13.0,2021,Lusail
1633,7,RAI,14.0,2021,Lusail
1634,99,GIO,15.0,2021,Lusail
1635,47,MSC,16.0,2021,Lusail
1636,63,RUS,17.0,2021,Lusail
1637,9,MAZ,18.0,2021,Lusail
1638,6,LAT,19.0,2021,Lusail
1639,77,BOT,20.0,2021,Lusail
1640,44,HAM,1.0,2021,Jeddah
1641,33,VER,2.0,2021,Jeddah
1642,77,BOT,3.0,2021,Jeddah
1643,31,OCO,4.0,2021,Jeddah
1644,3,RIC,5.0,2021,Jeddah
1645,10,GAS,6.0,2021,Jeddah
1646,16,LEC,7.0,2021,Jeddah
1647,55,SAI,8.0,2021,Jeddah
1648,99,GIO,9.0,2021,Jeddah
1649,4,NOR,10.0,2021,Jeddah
1650,18,STR,11.0,2021,Jeddah
1651,6,LAT,12.0,2021,Jeddah
1652,14,ALO,13.0,2021,Jeddah
1653,22,TSU,14.0,2021,Jeddah
1654,7,RAI,15.0,2021,Jeddah
1655,5,VET,16.0,2021,Jeddah
1656,11,PER,17.0,2021,Jeddah
1657,9,MAZ,18.0,2021,Jeddah
1658,63,RUS,19.0,2021,Jeddah
1659,47,MSC,20.0,2021,Jeddah
1660,33,VER,1.0,2021,Yas Island
1661,44,HAM,2.0,2021,Yas Island
1662,55,SAI,3.0,2021,Yas Island
1663,22,TSU,4.0,2021,Yas Island
1664,10,GAS,5.0,2021,Yas Island
1665,77,BOT,6.0,2021,Yas Island
1666,4,NOR,7.0,2021,Yas Island
1667,14,ALO,8.0,2021,Yas Island
1668,31,OCO,9.0,2021,Yas Island
1669,16,LEC,10.0,2021,Yas Island
1670,5,VET,11.0,2021,Yas Island
1671,3,RIC,12.0,2021,Yas Island
1672,18,STR,13.0,2021,Yas Island
1673,47,MSC,14.0,2021,Yas Island
1674,11,PER,15.0,2021,Yas Island
1675,6,LAT,16.0,2021,Yas Island
1676,99,GIO,17.0,2021,Yas Island
1677,63,RUS,18.0,2021,Yas Island
1678,7,RAI,19.0,2021,Yas Island
1679,9,nan,20.0,2021,Yas Island
1680,1,VER,1.0,2022,Spain
1681,11,PER,2.0,2022,Spain
1682,63,RUS,3.0,2022,Spain
1683,55,SAI,4.0,2022,Spain
1684,44,HAM,5.0,2022,Spain
1685,77,BOT,6.0,2022,Spain
1686,31,OCO,7.0,2022,Spain
1687,4,NOR,8.0,2022,Spain
1688,14,ALO,9.0,2022,Spain
1689,22,TSU,10.0,2022,Spain
1690,5,VET,11.0,2022,Spain
1691,3,RIC,12.0,2022,Spain
1692,10,GAS,13.0,2022,Spain
1693,47,MSC,14.0,2022,Spain
1694,18,STR,15.0,2022,Spain
1695,6,LAT,16.0,2022,Spain
1696,20,MAG,17.0,2022,Spain
1697,23,ALB,18.0,2022,Spain
1698,24,ZHO,19.0,2022,Spain
1699,16,LEC,20.0,2022,Spain
1700,16,LEC,1.0,2022,Bahrain
1701,55,SAI,2.0,2022,Bahrain
1702,44,HAM,3.0,2022,Bahrain
1703,63,RUS,4.0,2022,Bahrain
1704,20,MAG,5.0,2022,Bahrain
1705,77,BOT,6.0,2022,Bahrain
1706,31,OCO,7.0,2022,Bahrain
1707,22,TSU,8.0,2022,Bahrain
1708,14,ALO,9.0,2022,Bahrain
1709,24,ZHO,10.0,2022,Bahrain
1710,47,MSC,11.0,2022,Bahrain
1711,18,STR,12.0,2022,Bahrain
1712,23,ALB,13.0,2022,Bahrain
1713,3,RIC,14.0,2022,Bahrain
1714,4,NOR,15.0,2022,Bahrain
1715,6,LAT,16.0,2022,Bahrain
1716,27,HUL,17.0,2022,Bahrain
1717,11,PER,18.0,2022,Bahrain
1718,1,VER,19.0,2022,Bahrain
1719,10,GAS,20.0,2022,Bahrain
1720,16,LEC,1.0,2022,Sakhir
1721,55,SAI,2.0,2022,Sakhir
1722,44,HAM,3.0,2022,Sakhir
1723,63,RUS,4.0,2022,Sakhir
1724,20,MAG,5.0,2022,Sakhir
1725,77,BOT,6.0,2022,Sakhir
1726,31,OCO,7.0,2022,Sakhir
1727,22,TSU,8.0,2022,Sakhir
1728,14,ALO,9.0,2022,Sakhir
1729,24,ZHO,10.0,2022,Sakhir
1730,47,MSC,11.0,2022,Sakhir
1731,18,STR,12.0,2022,Sakhir
1732,23,ALB,13.0,2022,Sakhir
1733,3,RIC,14.0,2022,Sakhir
1734,4,NOR,15.0,2022,Sakhir
1735,6,LAT,16.0,2022,Sakhir
1736,27,HUL,17.0,2022,Sakhir
1737,11,PER,18.0,2022,Sakhir
1738,1,VER,19.0,2022,Sakhir
1739,10,GAS,20.0,2022,Sakhir
1740,1,VER,1.0,2022,Jeddah
1741,16,LEC,2.0,2022,Jeddah
1742,55,SAI,3.0,2022,Jeddah
1743,11,PER,4.0,2022,Jeddah
1744,63,RUS,5.0,2022,Jeddah
1745,31,OCO,6.0,2022,Jeddah
1746,4,NOR,7.0,2022,Jeddah
1747,10,GAS,8.0,2022,Jeddah
1748,20,MAG,9.0,2022,Jeddah
1749,44,HAM,10.0,2022,Jeddah
1750,24,ZHO,11.0,2022,Jeddah
1751,27,HUL,12.0,2022,Jeddah
1752,18,STR,13.0,2022,Jeddah
1753,23,ALB,14.0,2022,Jeddah
1754,77,BOT,15.0,2022,Jeddah
1755,14,ALO,16.0,2022,Jeddah
1756,3,RIC,17.0,2022,Jeddah
1757,6,LAT,18.0,2022,Jeddah
1758,22,TSU,19.0,2022,Jeddah
1759,47,nan,20.0,2022,Jeddah
1760,16,LEC,1.0,2022,Melbourne
1761,11,PER,2.0,2022,Melbourne
1762,63,RUS,3.0,2022,Melbourne
1763,44,HAM,4.0,2022,Melbourne
1764,4,NOR,5.0,2022,Melbourne
1765,3,RIC,6.0,2022,Melbourne
1766,31,OCO,7.0,2022,Melbourne
1767,77,BOT,8.0,2022,Melbourne
1768,10,GAS,9.0,2022,Melbourne
1769,23,ALB,10.0,2022,Melbourne
1770,24,ZHO,11.0,2022,Melbourne
1771,18,STR,12.0,2022,Melbourne
1772,47,MSC,13.0,2022,Melbourne
1773,20,MAG,14.0,2022,Melbourne
1774,22,TSU,15.0,2022,Melbourne
1775,6,LAT,16.0,2022,Melbourne
1776,14,ALO,17.0,2022,Melbourne
1777,1,VER,18.0,2022,Melbourne
1778,5,VET,19.0,2022,Melbourne
1779,55,SAI,20.0,2022,Melbourne
1780,1,VER,1.0,2022,Imola
1781,11,PER,2.0,2022,Imola
1782,4,NOR,3.0,2022,Imola
1783,63,RUS,4.0,2022,Imola
1784,77,BOT,5.0,2022,Imola
1785,16,LEC,6.0,2022,Imola
1786,22,TSU,7.0,2022,Imola
1787,5,VET,8.0,2022,Imola
1788,20,MAG,9.0,2022,Imola
1789,18,STR,10.0,2022,Imola
1790,23,ALB,11.0,2022,Imola
1791,10,GAS,12.0,2022,Imola
1792,44,HAM,13.0,2022,Imola
1793,31,OCO,14.0,2022,Imola
1794,24,ZHO,15.0,2022,Imola
1795,6,LAT,16.0,2022,Imola
1796,47,MSC,17.0,2022,Imola
1797,3,RIC,18.0,2022,Imola
1798,14,ALO,19.0,2022,Imola
1799,55,SAI,20.0,2022,Imola
1800,1,VER,1.0,2022,Miami
1801,16,LEC,2.0,2022,Miami
1802,55,SAI,3.0,2022,Miami
1803,11,PER,4.0,2022,Miami
1804,63,RUS,5.0,2022,Miami
1805,44,HAM,6.0,2022,Miami
1806,77,BOT,7.0,2022,Miami
1807,31,OCO,8.0,2022,Miami
1808,23,ALB,9.0,2022,Miami
1809,18,STR,10.0,2022,Miami
1810,14,ALO,11.0,2022,Miami
1811,22,TSU,12.0,2022,Miami
1812,3,RIC,13.0,2022,Miami
1813,6,LAT,14.0,2022,Miami
1814,47,MSC,15.0,2022,Miami
1815,20,MAG,16.0,2022,Miami
1816,5,VET,17.0,2022,Miami
1817,10,GAS,18.0,2022,Miami
1818,4,NOR,19.0,2022,Miami
1819,24,ZHO,20.0,2022,Miami
1820,1,VER,1.0,2022,Barcelona
1821,11,PER,2.0,2022,Barcelona
1822,63,RUS,3.0,2022,Barcelona
1823,55,SAI,4.0,2022,Barcelona
1824,44,HAM,5.0,2022,Barcelona
1825,77,BOT,6.0,2022,Barcelona
1826,31,OCO,7.0,2022,Barcelona
1827,4,NOR,8.0,2022,Barcelona
1828,14,ALO,9.0,2022,Barcelona
1829,22,TSU,10.0,2022,Barcelona
1830,5,VET,11.0,2022,Barcelona
1831,3,RIC,12.0,2022,Barcelona
1832,10,GAS,13.0,2022,Barcelona
1833,47,MSC,14.0,2022,Barcelona
1834,18,STR,15.0,2022,Barcelona
1835,6,LAT,16.0,2022,Barcelona
1836,20,MAG,17.0,2022,Barcelona
1837,23,ALB,18.0,2022,Barcelona
1838,24,ZHO,19.0,2022,Barcelona
1839,16,LEC,20.0,2022,Barcelona
1840,11,PER,1.0,2022,Monaco
1841,55,SAI,2.0,2022,Monaco
1842,1,VER,3.0,2022,Monaco
1843,16,LEC,4.0,2022,Monaco
1844,63,RUS,5.0,2022,Monaco
1845,4,NOR,6.0,2022,Monaco
1846,14,ALO,7.0,2022,Monaco
1847,44,HAM,8.0,2022,Monaco
1848,77,BOT,9.0,2022,Monaco
1849,5,VET,10.0,2022,Monaco
1850,10,GAS,11.0,2022,Monaco
1851,31,OCO,12.0,2022,Monaco
1852,3,RIC,13.0,2022,Monaco
1853,18,STR,14.0,2022,Monaco
1854,6,LAT,15.0,2022,Monaco
1855,24,ZHO,16.0,2022,Monaco
1856,22,TSU,17.0,2022,Monaco
1857,23,ALB,18.0,2022,Monaco
1858,47,MSC,19.0,2022,Monaco
1859,20,MAG,20.0,2022,Monaco
1860,1,VER,1.0,2022,Baku
1861,11,PER,2.0,2022,Baku
1862,63,RUS,3.0,2022,Baku
1863,44,HAM,4.0,2022,Baku
1864,10,GAS,5.0,2022,Baku
1865,5,VET,6.0,2022,Baku
1866,14,ALO,7.0,2022,Baku
1867,3,RIC,8.0,2022,Baku
1868,4,NOR,9.0,2022,Baku
1869,31,OCO,10.0,2022,Baku
1870,77,BOT,11.0,2022,Baku
1871,23,ALB,12.0,2022,Baku
1872,22,TSU,13.0,2022,Baku
1873,47,MSC,14.0,2022,Baku
1874,6,LAT,15.0,2022,Baku
1875,18,STR,16.0,2022,Baku
1876,20,MAG,17.0,2022,Baku
1877,24,ZHO,18.0,2022,Baku
1878,16,LEC,19.0,2022,Baku
1879,55,SAI,20.0,2022,Baku
1880,1,VER,1.0,2022,Montréal
1881,55,SAI,2.0,2022,Montréal
1882,44,HAM,3.0,2022,Montréal
1883,63,RUS,4.0,2022,Montréal
1884,16,LEC,5.0,2022,Montréal
1885,31,OCO,6.0,2022,Montréal
1886,77,BOT,7.0,2022,Montréal
1887,24,ZHO,8.0,2022,Montréal
1888,14,ALO,9.0,2022,Montréal
1889,18,STR,10.0,2022,Montréal
1890,3,RIC,11.0,2022,Montréal
1891,5,VET,12.0,2022,Montréal
1892,23,ALB,13.0,2022,Montréal
1893,10,GAS,14.0,2022,Montréal
1894,4,NOR,15.0,2022,Montréal
1895,6,LAT,16.0,2022,Montréal
1896,20,MAG,17.0,2022,Montréal
1897,22,TSU,18.0,2022,Montréal
1898,47,MSC,19.0,2022,Montréal
1899,11,PER,20.0,2022,Montréal
1900,55,SAI,1.0,2022,Silverstone
1901,11,PER,2.0,2022,Silverstone
1902,44,HAM,3.0,2022,Silverstone
1903,16,LEC,4.0,2022,Silverstone
1904,14,ALO,5.0,2022,Silverstone
1905,4,NOR,6.0,2022,Silverstone
1906,1,VER,7.0,2022,Silverstone
1907,47,MSC,8.0,2022,Silverstone
1908,5,VET,9.0,2022,Silverstone
1909,20,MAG,10.0,2022,Silverstone
1910,18,STR,11.0,2022,Silverstone
1911,6,LAT,12.0,2022,Silverstone
1912,3,RIC,13.0,2022,Silverstone
1913,22,TSU,14.0,2022,Silverstone
1914,31,OCO,15.0,2022,Silverstone
1915,10,GAS,16.0,2022,Silverstone
1916,77,BOT,17.0,2022,Silverstone
1917,63,RUS,18.0,2022,Silverstone
1918,24,ZHO,19.0,2022,Silverstone
1919,23,ALB,20.0,2022,Silverstone
1920,16,LEC,1.0,2022,Spielberg
1921,1,VER,2.0,2022,Spielberg
1922,44,HAM,3.0,2022,Spielberg
1923,63,RUS,4.0,2022,Spielberg
1924,31,OCO,5.0,2022,Spielberg
1925,47,MSC,6.0,2022,Spielberg
1926,4,NOR,7.0,2022,Spielberg
1927,20,MAG,8.0,2022,Spielberg
1928,3,RIC,9.0,2022,Spielberg
1929,14,ALO,10.0,2022,Spielberg
1930,77,BOT,11.0,2022,Spielberg
1931,23,ALB,12.0,2022,Spielberg
1932,18,STR,13.0,2022,Spielberg
1933,24,ZHO,14.0,2022,Spielberg
1934,10,GAS,15.0,2022,Spielberg
1935,22,TSU,16.0,2022,Spielberg
1936,5,VET,17.0,2022,Spielberg
1937,55,SAI,18.0,2022,Spielberg
1938,6,LAT,19.0,2022,Spielberg
1939,11,PER,20.0,2022,Spielberg
1940,1,VER,1.0,2022,Le Castellet
1941,44,HAM,2.0,2022,Le Castellet
1942,63,RUS,3.0,2022,Le Castellet
1943,11,PER,4.0,2022,Le Castellet
1944,55,SAI,5.0,2022,Le Castellet
1945,14,ALO,6.0,2022,Le Castellet
1946,4,NOR,7.0,2022,Le Castellet
1947,31,OCO,8.0,2022,Le Castellet
1948,3,RIC,9.0,2022,Le Castellet
1949,18,STR,10.0,2022,Le Castellet
1950,5,VET,11.0,2022,Le Castellet
1951,10,GAS,12.0,2022,Le Castellet
1952,23,ALB,13.0,2022,Le Castellet
1953,77,BOT,14.0,2022,Le Castellet
1954,47,MSC,15.0,2022,Le Castellet
1955,24,ZHO,16.0,2022,Le Castellet
1956,6,LAT,17.0,2022,Le Castellet
1957,20,MAG,18.0,2022,Le Castellet
1958,16,LEC,19.0,2022,Le Castellet
1959,22,TSU,20.0,2022,Le Castellet
1960,1,VER,1.0,2022,Budapest
1961,44,HAM,2.0,2022,Budapest
1962,63,RUS,3.0,2022,Budapest
1963,55,SAI,4.0,2022,Budapest
1964,11,PER,5.0,2022,Budapest
1965,16,LEC,6.0,2022,Budapest
1966,4,NOR,7.0,2022,Budapest
1967,14,ALO,8.0,2022,Budapest
1968,31,OCO,9.0,2022,Budapest
1969,5,VET,10.0,2022,Budapest
1970,18,STR,11.0,2022,Budapest
1971,10,GAS,12.0,2022,Budapest
1972,24,ZHO,13.0,2022,Budapest
1973,47,MSC,14.0,2022,Budapest
1974,3,RIC,15.0,2022,Budapest
1975,20,MAG,16.0,2022,Budapest
1976,23,ALB,17.0,2022,Budapest
1977,6,LAT,18.0,2022,Budapest
1978,22,TSU,19.0,2022,Budapest
1979,77,BOT,20.0,2022,Budapest
1980,1,VER,1.0,2022,Spa-Francorchamps
1981,11,PER,2.0,2022,Spa-Francorchamps
1982,55,SAI,3.0,2022,Spa-Francorchamps
1983,63,RUS,4.0,2022,Spa-Francorchamps
1984,14,ALO,5.0,2022,Spa-Francorchamps
1985,16,LEC,6.0,2022,Spa-Francorchamps
1986,31,OCO,7.0,2022,Spa-Francorchamps
1987,5,VET,8.0,2022,Spa-Francorchamps
1988,10,GAS,9.0,2022,Spa-Francorchamps
1989,23,ALB,10.0,2022,Spa-Francorchamps
1990,18,STR,11.0,2022,Spa-Francorchamps
1991,4,NOR,12.0,2022,Spa-Francorchamps
1992,22,TSU,13.0,2022,Spa-Francorchamps
1993,24,ZHO,14.0,2022,Spa-Francorchamps
1994,3,RIC,15.0,2022,Spa-Francorchamps
1995,20,MAG,16.0,2022,Spa-Francorchamps
1996,47,MSC,17.0,2022,Spa-Francorchamps
1997,6,LAT,18.0,2022,Spa-Francorchamps
1998,77,BOT,19.0,2022,Spa-Francorchamps
1999,44,HAM,20.0,2022,Spa-Francorchamps
2000,1,VER,1.0,2022,Zandvoort
2001,63,RUS,2.0,2022,Zandvoort
2002,16,LEC,3.0,2022,Zandvoort
2003,44,HAM,4.0,2022,Zandvoort
2004,11,PER,5.0,2022,Zandvoort
2005,14,ALO,6.0,2022,Zandvoort
2006,4,NOR,7.0,2022,Zandvoort
2007,55,SAI,8.0,2022,Zandvoort
2008,31,OCO,9.0,2022,Zandvoort
2009,18,STR,10.0,2022,Zandvoort
2010,10,GAS,11.0,2022,Zandvoort
2011,23,ALB,12.0,2022,Zandvoort
2012,47,MSC,13.0,2022,Zandvoort
2013,5,VET,14.0,2022,Zandvoort
2014,20,MAG,15.0,2022,Zandvoort
2015,24,ZHO,16.0,2022,Zandvoort
2016,3,RIC,17.0,2022,Zandvoort
2017,6,LAT,18.0,2022,Zandvoort
2018,77,BOT,19.0,2022,Zandvoort
2019,22,TSU,20.0,2022,Zandvoort
2020,1,VER,1.0,2022,Monza
2021,16,LEC,2.0,2022,Monza
2022,63,RUS,3.0,2022,Monza
2023,55,SAI,4.0,2022,Monza
2024,44,HAM,5.0,2022,Monza
2025,11,PER,6.0,2022,Monza
2026,4,NOR,7.0,2022,Monza
2027,10,GAS,8.0,2022,Monza
2028,45,DEV,9.0,2022,Monza
2029,24,ZHO,10.0,2022,Monza
2030,31,OCO,11.0,2022,Monza
2031,47,MSC,12.0,2022,Monza
2032,77,BOT,13.0,2022,Monza
2033,22,TSU,14.0,2022,Monza
2034,6,LAT,15.0,2022,Monza
2035,20,MAG,16.0,2022,Monza
2036,3,RIC,17.0,2022,Monza
2037,18,STR,18.0,2022,Monza
2038,14,ALO,19.0,2022,Monza
2039,5,VET,20.0,2022,Monza
2040,11,PER,1.0,2022,Marina Bay
2041,16,LEC,2.0,2022,Marina Bay
2042,55,SAI,3.0,2022,Marina Bay
2043,4,NOR,4.0,2022,Marina Bay
2044,3,RIC,5.0,2022,Marina Bay
2045,18,STR,6.0,2022,Marina Bay
2046,1,VER,7.0,2022,Marina Bay
2047,5,VET,8.0,2022,Marina Bay
2048,44,HAM,9.0,2022,Marina Bay
2049,10,GAS,10.0,2022,Marina Bay
2050,77,BOT,11.0,2022,Marina Bay
2051,20,MAG,12.0,2022,Marina Bay
2052,47,MSC,13.0,2022,Marina Bay
2053,63,RUS,14.0,2022,Marina Bay
2054,22,TSU,15.0,2022,Marina Bay
2055,31,OCO,16.0,2022,Marina Bay
2056,23,ALB,17.0,2022,Marina Bay
2057,14,ALO,18.0,2022,Marina Bay
2058,6,LAT,19.0,2022,Marina Bay
2059,24,ZHO,20.0,2022,Marina Bay
2060,1,VER,1.0,2022,Suzuka
2061,11,PER,2.0,2022,Suzuka
2062,16,LEC,3.0,2022,Suzuka
2063,31,OCO,4.0,2022,Suzuka
2064,44,HAM,5.0,2022,Suzuka
2065,5,VET,6.0,2022,Suzuka
2066,14,ALO,7.0,2022,Suzuka
2067,63,RUS,8.0,2022,Suzuka
2068,6,LAT,9.0,2022,Suzuka
2069,4,NOR,10.0,2022,Suzuka
2070,3,RIC,11.0,2022,Suzuka
2071,18,STR,12.0,2022,Suzuka
2072,22,TSU,13.0,2022,Suzuka
2073,20,MAG,14.0,2022,Suzuka
2074,77,BOT,15.0,2022,Suzuka
2075,24,ZHO,16.0,2022,Suzuka
2076,47,MSC,17.0,2022,Suzuka
2077,10,GAS,18.0,2022,Suzuka
2078,55,SAI,19.0,2022,Suzuka
2079,23,ALB,20.0,2022,Suzuka
2080,1,VER,1.0,2022,Austin
2081,44,HAM,2.0,2022,Austin
2082,16,LEC,3.0,2022,Austin
2083,11,PER,4.0,2022,Austin
2084,63,RUS,5.0,2022,Austin
2085,4,NOR,6.0,2022,Austin
2086,14,ALO,7.0,2022,Austin
2087,5,VET,8.0,2022,Austin
2088,20,MAG,9.0,2022,Austin
2089,22,TSU,10.0,2022,Austin
2090,31,OCO,11.0,2022,Austin
2091,24,ZHO,12.0,2022,Austin
2092,23,ALB,13.0,2022,Austin
2093,10,GAS,14.0,2022,Austin
2094,47,MSC,15.0,2022,Austin
2095,3,RIC,16.0,2022,Austin
2096,6,LAT,17.0,2022,Austin
2097,18,STR,18.0,2022,Austin
2098,77,BOT,19.0,2022,Austin
2099,55,SAI,20.0,2022,Austin
2100,1,VER,1.0,2022,Mexico City
2101,44,HAM,2.0,2022,Mexico City
2102,11,PER,3.0,2022,Mexico City
2103,63,RUS,4.0,2022,Mexico City
2104,55,SAI,5.0,2022,Mexico City
2105,16,LEC,6.0,2022,Mexico City
2106,3,RIC,7.0,2022,Mexico City
2107,31,OCO,8.0,2022,Mexico City
2108,4,NOR,9.0,2022,Mexico City
2109,77,BOT,10.0,2022,Mexico City
2110,10,GAS,11.0,2022,Mexico City
2111,23,ALB,12.0,2022,Mexico City
2112,24,ZHO,13.0,2022,Mexico City
2113,5,VET,14.0,2022,Mexico City
2114,18,STR,15.0,2022,Mexico City
2115,47,MSC,16.0,2022,Mexico City
2116,20,MAG,17.0,2022,Mexico City
2117,6,LAT,18.0,2022,Mexico City
2118,14,ALO,19.0,2022,Mexico City
2119,22,TSU,20.0,2022,Mexico City
2120,63,RUS,1.0,2022,São Paulo
2121,44,HAM,2.0,2022,São Paulo
2122,55,SAI,3.0,2022,São Paulo
2123,16,LEC,4.0,2022,São Paulo
2124,14,ALO,5.0,2022,São Paulo
2125,1,VER,6.0,2022,São Paulo
2126,11,PER,7.0,2022,São Paulo
2127,31,OCO,8.0,2022,São Paulo
2128,77,BOT,9.0,2022,São Paulo
2129,18,STR,10.0,2022,São Paulo
2130,5,VET,11.0,2022,São Paulo
2131,24,ZHO,12.0,2022,São Paulo
2132,47,MSC,13.0,2022,São Paulo
2133,10,GAS,14.0,2022,São Paulo
2134,23,ALB,15.0,2022,São Paulo
2135,6,LAT,16.0,2022,São Paulo
2136,22,TSU,17.0,2022,São Paulo
2137,4,NOR,18.0,2022,São Paulo
2138,20,MAG,19.0,2022,São Paulo
2139,3,RIC,20.0,2022,São Paulo
2140,1,VER,1.0,2022,Yas Island
2141,16,LEC,2.0,2022,Yas Island
2142,11,PER,3.0,2022,Yas Island
2143,55,SAI,4.0,2022,Yas Island
2144,63,RUS,5.0,2022,Yas Island
2145,4,NOR,6.0,2022,Yas Island
2146,31,OCO,7.0,2022,Yas Island
2147,18,STR,8.0,2022,Yas Island
2148,3,RIC,9.0,2022,Yas Island
2149,5,VET,10.0,2022,Yas Island
2150,22,TSU,11.0,2022,Yas Island
2151,24,ZHO,12.0,2022,Yas Island
2152,23,ALB,13.0,2022,Yas Island
2153,10,GAS,14.0,2022,Yas Island
2154,77,BOT,15.0,2022,Yas Island
2155,47,MSC,16.0,2022,Yas Island
2156,20,MAG,17.0,2022,Yas Island
2157,44,HAM,18.0,2022,Yas Island
2158,6,LAT,19.0,2022,Yas Island
2159,14,ALO,20.0,2022,Yas Island
0,1,VER,1.0,2023,Sakhir
1,11,PER,2.0,2023,Sakhir
2,14,ALO,3.0,2023,Sakhir
3,55,SAI,4.0,2023,Sakhir
4,44,HAM,5.0,2023,Sakhir
5,18,STR,6.0,2023,Sakhir
6,63,RUS,7.0,2023,Sakhir
7,77,BOT,8.0,2023,Sakhir
8,10,GAS,9.0,2023,Sakhir
9,23,ALB,10.0,2023,Sakhir
10,22,TSU,11.0,2023,Sakhir
11,2,SAR,12.0,2023,Sakhir
12,20,MAG,13.0,2023,Sakhir
13,21,DEV,14.0,2023,Sakhir
14,27,HUL,15.0,2023,Sakhir
15,24,ZHO,16.0,2023,Sakhir
16,4,NOR,17.0,2023,Sakhir
17,31,OCO,18.0,2023,Sakhir
18,16,LEC,19.0,2023,Sakhir
19,81,PIA,20.0,2023,Sakhir
20,1,VER,1.0,2023,Sakhir
21,11,PER,2.0,2023,Sakhir
22,14,ALO,3.0,2023,Sakhir
23,55,SAI,4.0,2023,Sakhir
24,44,HAM,5.0,2023,Sakhir
25,18,STR,6.0,2023,Sakhir
26,63,RUS,7.0,2023,Sakhir
27,77,BOT,8.0,2023,Sakhir
28,10,GAS,9.0,2023,Sakhir
29,23,ALB,10.0,2023,Sakhir
30,22,TSU,11.0,2023,Sakhir
31,2,SAR,12.0,2023,Sakhir
32,20,MAG,13.0,2023,Sakhir
33,21,DEV,14.0,2023,Sakhir
34,27,HUL,15.0,2023,Sakhir
35,24,ZHO,16.0,2023,Sakhir
36,4,NOR,17.0,2023,Sakhir
37,31,OCO,18.0,2023,Sakhir
38,16,LEC,19.0,2023,Sakhir
39,81,PIA,20.0,2023,Sakhir
40,11,PER,1.0,2023,Jeddah
41,1,VER,2.0,2023,Jeddah
42,14,ALO,3.0,2023,Jeddah
43,63,RUS,4.0,2023,Jeddah
44,44,HAM,5.0,2023,Jeddah
45,55,SAI,6.0,2023,Jeddah
46,16,LEC,7.0,2023,Jeddah
47,31,OCO,8.0,2023,Jeddah
48,10,GAS,9.0,2023,Jeddah
49,20,MAG,10.0,2023,Jeddah
50,22,TSU,11.0,2023,Jeddah
51,27,HUL,12.0,2023,Jeddah
52,24,ZHO,13.0,2023,Jeddah
53,21,DEV,14.0,2023,Jeddah
54,81,PIA,15.0,2023,Jeddah
55,2,SAR,16.0,2023,Jeddah
56,4,NOR,17.0,2023,Jeddah
57,77,BOT,18.0,2023,Jeddah
58,23,ALB,19.0,2023,Jeddah
59,18,STR,20.0,2023,Jeddah
60,1,VER,1.0,2023,Melbourne
61,44,HAM,2.0,2023,Melbourne
62,14,ALO,3.0,2023,Melbourne
63,18,STR,4.0,2023,Melbourne
64,11,PER,5.0,2023,Melbourne
65,4,NOR,6.0,2023,Melbourne
66,27,HUL,7.0,2023,Melbourne
67,81,PIA,8.0,2023,Melbourne
68,24,ZHO,9.0,2023,Melbourne
69,22,TSU,10.0,2023,Melbourne
70,77,BOT,11.0,2023,Melbourne
71,55,SAI,12.0,2023,Melbourne
72,10,GAS,13.0,2023,Melbourne
73,31,OCO,14.0,2023,Melbourne
74,21,DEV,15.0,2023,Melbourne
75,2,SAR,16.0,2023,Melbourne
76,20,MAG,17.0,2023,Melbourne
77,63,RUS,18.0,2023,Melbourne
78,23,ALB,19.0,2023,Melbourne
79,16,LEC,20.0,2023,Melbourne
80,11,PER,1.0,2023,Baku
81,1,VER,2.0,2023,Baku
82,16,LEC,3.0,2023,Baku
83,14,ALO,4.0,2023,Baku
84,55,SAI,5.0,2023,Baku
85,44,HAM,6.0,2023,Baku
86,18,STR,7.0,2023,Baku
87,63,RUS,8.0,2023,Baku
88,4,NOR,9.0,2023,Baku
89,22,TSU,10.0,2023,Baku
90,81,PIA,11.0,2023,Baku
91,23,ALB,12.0,2023,Baku
92,20,MAG,13.0,2023,Baku
93,10,GAS,14.0,2023,Baku
94,31,OCO,15.0,2023,Baku
95,2,SAR,16.0,2023,Baku
96,27,HUL,17.0,2023,Baku
97,77,BOT,18.0,2023,Baku
98,24,ZHO,19.0,2023,Baku
99,21,DEV,20.0,2023,Baku
100,1,VER,1.0,2023,Miami
101,11,PER,2.0,2023,Miami
102,14,ALO,3.0,2023,Miami
103,63,RUS,4.0,2023,Miami
104,55,SAI,5.0,2023,Miami
105,44,HAM,6.0,2023,Miami
106,16,LEC,7.0,2023,Miami
107,10,GAS,8.0,2023,Miami
108,31,OCO,9.0,2023,Miami
109,20,MAG,10.0,2023,Miami
110,22,TSU,11.0,2023,Miami
111,18,STR,12.0,2023,Miami
112,77,BOT,13.0,2023,Miami
113,23,ALB,14.0,2023,Miami
114,27,HUL,15.0,2023,Miami
115,24,ZHO,16.0,2023,Miami
116,4,NOR,17.0,2023,Miami
117,21,DEV,18.0,2023,Miami
118,81,PIA,19.0,2023,Miami
119,2,SAR,20.0,2023,Miami
120,1,VER,1.0,2023,Monaco
121,14,ALO,2.0,2023,Monaco
122,31,OCO,3.0,2023,Monaco
123,44,HAM,4.0,2023,Monaco
124,63,RUS,5.0,2023,Monaco
125,16,LEC,6.0,2023,Monaco
126,10,GAS,7.0,2023,Monaco
127,55,SAI,8.0,2023,Monaco
128,4,NOR,9.0,2023,Monaco
129,81,PIA,10.0,2023,Monaco
130,77,BOT,11.0,2023,Monaco
131,21,DEV,12.0,2023,Monaco
132,24,ZHO,13.0,2023,Monaco
133,23,ALB,14.0,2023,Monaco
134,22,TSU,15.0,2023,Monaco
135,11,PER,16.0,2023,Monaco
136,27,HUL,17.0,2023,Monaco
137,2,SAR,18.0,2023,Monaco
138,20,MAG,19.0,2023,Monaco
139,18,STR,20.0,2023,Monaco
140,1,VER,1.0,2023,Barcelona
141,44,HAM,2.0,2023,Barcelona
142,63,RUS,3.0,2023,Barcelona
143,11,PER,4.0,2023,Barcelona
144,55,SAI,5.0,2023,Barcelona
145,18,STR,6.0,2023,Barcelona
146,14,ALO,7.0,2023,Barcelona
147,31,OCO,8.0,2023,Barcelona
148,24,ZHO,9.0,2023,Barcelona
149,10,GAS,10.0,2023,Barcelona
150,16,LEC,11.0,2023,Barcelona
151,22,TSU,12.0,2023,Barcelona
152,81,PIA,13.0,2023,Barcelona
153,21,DEV,14.0,2023,Barcelona
154,27,HUL,15.0,2023,Barcelona
155,23,ALB,16.0,2023,Barcelona
156,4,NOR,17.0,2023,Barcelona
157,20,MAG,18.0,2023,Barcelona
158,77,BOT,19.0,2023,Barcelona
159,2,SAR,20.0,2023,Barcelona